feature,model_vars,default
bid_avalimit_occupied_rto_l184d,model_vars_bid,-1
bid_avalimit_occupied_rto_l1t,model_vars_bid,-1
bid_avalimit_occupied_rto_l31d,model_vars_bid,-1
bid_avalimit_occupied_rto_l365d,model_vars_bid,-1
bid_avalimit_occupied_rto_l3t,model_vars_bid,-1
bid_avalimit_occupied_rto_l5t,model_vars_bid,-1
bid_avalimit_occupied_rto_l62d,model_vars_bid,-1
bid_avalimit_occupied_rto_l92d,model_vars_bid,-1
bid_bid_days_gap_l1t,model_vars_bid,-1
bid_cnt,model_vars_bid,-1
bid_cnt_l184d,model_vars_bid,-1
bid_cnt_l31d,model_vars_bid,-1
bid_cnt_l62d,model_vars_bid,-1
bid_cnt_l92d,model_vars_bid,-1
bid_elapsedday_max,model_vars_bid,-1
bid_elapsedday_min,model_vars_bid,-1
bid_hh_0_4_cnt,model_vars_bid,-1
bid_hh_0_4_cnt_l184d,model_vars_bid,-1
bid_hh_0_4_cnt_l31d,model_vars_bid,-1
bid_hh_0_4_cnt_l62d,model_vars_bid,-1
bid_hh_0_4_cnt_l92d,model_vars_bid,-1
bid_hh_l1t,model_vars_bid,-1
bid_listing_months_l1t,model_vars_bid,-1
bid_pay_days_gap_l1t,model_vars_bid,-1
bid_pay_hours_gap_l1t,model_vars_bid,-1
bid_pay_mins_gap_l1t,model_vars_bid,-1
bid_succ_avalimit_occupied_rto_l184d,model_vars_bid,-1
bid_succ_avalimit_occupied_rto_l1t,model_vars_bid,-1
bid_succ_avalimit_occupied_rto_l31d,model_vars_bid,-1
bid_succ_avalimit_occupied_rto_l365d,model_vars_bid,-1
bid_succ_avalimit_occupied_rto_l3t,model_vars_bid,-1
bid_succ_avalimit_occupied_rto_l5t,model_vars_bid,-1
bid_succ_avalimit_occupied_rto_l62d,model_vars_bid,-1
bid_succ_avalimit_occupied_rto_l92d,model_vars_bid,-1
bid_succ_bid_days_gap_l1t,model_vars_bid,-1
bid_succ_cnt,model_vars_bid,-1
bid_succ_cnt_l184d,model_vars_bid,-1
bid_succ_cnt_l31d,model_vars_bid,-1
bid_succ_cnt_l62d,model_vars_bid,-1
bid_succ_cnt_l92d,model_vars_bid,-1
bid_succ_elapsedday_max,model_vars_bid,-1
bid_succ_elapsedday_min,model_vars_bid,-1
bid_succ_listing_months_l1t,model_vars_bid,-1
bid_succ_pay_days_gap_l1t,model_vars_bid,-1
fcv_reg_elapsedday,model_vars_basic,-1
income_expense_ratio,model_vars_basic,-1
maturity,model_vars_basic,-1
max_income_expense_ratio,model_vars_basic,-1
max_monthly_expenses,model_vars_basic,-1
max_monthly_income,model_vars_basic,-1
max_requested_loan_amount,model_vars_basic,-1
min_income_expense_ratio,model_vars_basic,-1
min_monthly_expenses,model_vars_basic,-1
min_monthly_income,model_vars_basic,-1
min_requested_loan_amount,model_vars_basic,-1
monthly_expenses,model_vars_basic,-1
monthly_income,model_vars_basic,-1
paydebt_debt_cnt,model_vars_paydebt,-1
paydebt_debt_cnt_l184d,model_vars_paydebt,-1
paydebt_debt_cnt_l31d,model_vars_paydebt,-1
paydebt_debt_cnt_l62d,model_vars_paydebt,-1
paydebt_debt_cnt_l92d,model_vars_paydebt,-1
paydebt_elapsedday_l1t,model_vars_paydebt,-1
paydebt_elapsedday_max,model_vars_paydebt,-1
paydebt_elapsedday_min,model_vars_paydebt,-1
paydebt_listing_cnt,model_vars_paydebt,-1
paydebt_listing_cnt_l184d,model_vars_paydebt,-1
paydebt_listing_cnt_l31d,model_vars_paydebt,-1
paydebt_listing_cnt_l62d,model_vars_paydebt,-1
paydebt_listing_cnt_l92d,model_vars_paydebt,-1
paydebt_normal_cnt,model_vars_paydebt,-1
paydebt_normal_cnt_l184d,model_vars_paydebt,-1
paydebt_normal_cnt_l31d,model_vars_paydebt,-1
paydebt_normal_cnt_l62d,model_vars_paydebt,-1
paydebt_normal_cnt_l92d,model_vars_paydebt,-1
paydebt_normal_pay_days_init_max,model_vars_paydebt,-1
paydebt_normal_pay_days_init_min,model_vars_paydebt,-1
paydebt_normal_pay_days_max,model_vars_paydebt,-1
paydebt_normal_pay_days_min,model_vars_paydebt,-1
paydebt_normal_prop,model_vars_paydebt,-1
paydebt_normal_prop_l184d,model_vars_paydebt,-1
paydebt_normal_prop_l31d,model_vars_paydebt,-1
paydebt_normal_prop_l62d,model_vars_paydebt,-1
paydebt_normal_prop_l92d,model_vars_paydebt,-1
paydebt_overdue_cnt,model_vars_paydebt,-1
paydebt_overdue_cnt_avg1m_dv_avg2m,model_vars_paydebt,-1
paydebt_overdue_cnt_avg1m_dv_avg3m,model_vars_paydebt,-1
paydebt_overdue_cnt_avg1m_dv_avg6m,model_vars_paydebt,-1
paydebt_overdue_cnt_avg2m_dv_avg6m,model_vars_paydebt,-1
paydebt_overdue_cnt_avg3m_dv_avg12m,model_vars_paydebt,-1
paydebt_overdue_cnt_avg3m_dv_avg6m,model_vars_paydebt,-1
paydebt_overdue_cnt_avg3m_dv_avg9m,model_vars_paydebt,-1
paydebt_overdue_cnt_avg6m_dv_avg12m,model_vars_paydebt,-1
paydebt_overdue_cnt_l184d,model_vars_paydebt,-1
paydebt_overdue_cnt_l31d,model_vars_paydebt,-1
paydebt_overdue_cnt_l62d,model_vars_paydebt,-1
paydebt_overdue_cnt_l92d,model_vars_paydebt,-1
paydebt_overdue_pay_days_avg1m_dv_avg2m,model_vars_paydebt,-1
paydebt_overdue_pay_days_avg1m_dv_avg3m,model_vars_paydebt,-1
paydebt_overdue_pay_days_avg1m_dv_avg6m,model_vars_paydebt,-1
paydebt_overdue_pay_days_avg2m_dv_avg6m,model_vars_paydebt,-1
paydebt_overdue_pay_days_avg3m_dv_avg12m,model_vars_paydebt,-1
paydebt_overdue_pay_days_avg3m_dv_avg6m,model_vars_paydebt,-1
paydebt_overdue_pay_days_avg3m_dv_avg9m,model_vars_paydebt,-1
paydebt_overdue_pay_days_avg6m_dv_avg12m,model_vars_paydebt,-1
paydebt_overdue_pay_days_init_max,model_vars_paydebt,-1
paydebt_overdue_pay_days_init_max_l184d,model_vars_paydebt,-1
paydebt_overdue_pay_days_init_max_l31d,model_vars_paydebt,-1
paydebt_overdue_pay_days_init_max_l62d,model_vars_paydebt,-1
paydebt_overdue_pay_days_init_max_l92d,model_vars_paydebt,-1
paydebt_overdue_pay_days_max,model_vars_paydebt,-1
paydebt_overdue_pay_days_max_l184d,model_vars_paydebt,-1
paydebt_overdue_pay_days_max_l31d,model_vars_paydebt,-1
paydebt_overdue_pay_days_max_l62d,model_vars_paydebt,-1
paydebt_overdue_pay_days_max_l92d,model_vars_paydebt,-1
paydebt_overdue_prop,model_vars_paydebt,-1
paydebt_overdue_prop_avg1m_dv_avg2m,model_vars_paydebt,-1
paydebt_overdue_prop_avg1m_dv_avg3m,model_vars_paydebt,-1
paydebt_overdue_prop_avg1m_dv_avg6m,model_vars_paydebt,-1
paydebt_overdue_prop_avg2m_dv_avg6m,model_vars_paydebt,-1
paydebt_overdue_prop_avg3m_dv_avg12m,model_vars_paydebt,-1
paydebt_overdue_prop_avg3m_dv_avg6m,model_vars_paydebt,-1
paydebt_overdue_prop_avg3m_dv_avg9m,model_vars_paydebt,-1
paydebt_overdue_prop_avg6m_dv_avg12m,model_vars_paydebt,-1
paydebt_overdue_prop_l184d,model_vars_paydebt,-1
paydebt_overdue_prop_l31d,model_vars_paydebt,-1
paydebt_overdue_prop_l62d,model_vars_paydebt,-1
paydebt_overdue_prop_l92d,model_vars_paydebt,-1
paydebt_pay_bid_days_prop_avg,model_vars_paydebt,-1
paydebt_pay_bid_days_prop_avg_l184d,model_vars_paydebt,-1
paydebt_pay_bid_days_prop_avg_l31d,model_vars_paydebt,-1
paydebt_pay_bid_days_prop_avg_l62d,model_vars_paydebt,-1
paydebt_pay_bid_days_prop_avg_l92d,model_vars_paydebt,-1
paydebt_pay_bid_days_prop_init_avg,model_vars_paydebt,-1
paydebt_pay_bid_days_prop_init_avg_l184d,model_vars_paydebt,-1
paydebt_pay_bid_days_prop_init_avg_l31d,model_vars_paydebt,-1
paydebt_pay_bid_days_prop_init_avg_l62d,model_vars_paydebt,-1
paydebt_pay_bid_days_prop_init_avg_l92d,model_vars_paydebt,-1
paydebt_pay_bid_days_prop_init_max,model_vars_paydebt,-1
paydebt_pay_bid_days_prop_init_max_l184d,model_vars_paydebt,-1
paydebt_pay_bid_days_prop_init_max_l31d,model_vars_paydebt,-1
paydebt_pay_bid_days_prop_init_max_l62d,model_vars_paydebt,-1
paydebt_pay_bid_days_prop_init_max_l92d,model_vars_paydebt,-1
paydebt_pay_bid_days_prop_init_min,model_vars_paydebt,-1
paydebt_pay_bid_days_prop_init_min_l184d,model_vars_paydebt,-1
paydebt_pay_bid_days_prop_init_min_l31d,model_vars_paydebt,-1
paydebt_pay_bid_days_prop_init_min_l62d,model_vars_paydebt,-1
paydebt_pay_bid_days_prop_init_min_l92d,model_vars_paydebt,-1
paydebt_pay_bid_days_prop_max,model_vars_paydebt,-1
paydebt_pay_bid_days_prop_max_l184d,model_vars_paydebt,-1
paydebt_pay_bid_days_prop_max_l31d,model_vars_paydebt,-1
paydebt_pay_bid_days_prop_max_l62d,model_vars_paydebt,-1
paydebt_pay_bid_days_prop_max_l92d,model_vars_paydebt,-1
paydebt_pay_bid_days_prop_min,model_vars_paydebt,-1
paydebt_pay_bid_days_prop_min_l184d,model_vars_paydebt,-1
paydebt_pay_bid_days_prop_min_l31d,model_vars_paydebt,-1
paydebt_pay_bid_days_prop_min_l62d,model_vars_paydebt,-1
paydebt_pay_bid_days_prop_min_l92d,model_vars_paydebt,-1
paydebt_pre_cnt,model_vars_paydebt,-1
paydebt_pre_cnt_avg1m_dv_avg2m,model_vars_paydebt,-1
paydebt_pre_cnt_avg1m_dv_avg3m,model_vars_paydebt,-1
paydebt_pre_cnt_avg1m_dv_avg6m,model_vars_paydebt,-1
paydebt_pre_cnt_avg2m_dv_avg6m,model_vars_paydebt,-1
paydebt_pre_cnt_avg3m_dv_avg12m,model_vars_paydebt,-1
paydebt_pre_cnt_avg3m_dv_avg6m,model_vars_paydebt,-1
paydebt_pre_cnt_avg3m_dv_avg9m,model_vars_paydebt,-1
paydebt_pre_cnt_avg6m_dv_avg12m,model_vars_paydebt,-1
paydebt_pre_cnt_l184d,model_vars_paydebt,-1
paydebt_pre_cnt_l31d,model_vars_paydebt,-1
paydebt_pre_cnt_l62d,model_vars_paydebt,-1
paydebt_pre_cnt_l92d,model_vars_paydebt,-1
paydebt_pre_prop,model_vars_paydebt,-1
paydebt_pre_prop_avg1m_dv_avg2m,model_vars_paydebt,-1
paydebt_pre_prop_avg1m_dv_avg3m,model_vars_paydebt,-1
paydebt_pre_prop_avg1m_dv_avg6m,model_vars_paydebt,-1
paydebt_pre_prop_avg2m_dv_avg6m,model_vars_paydebt,-1
paydebt_pre_prop_avg3m_dv_avg12m,model_vars_paydebt,-1
paydebt_pre_prop_avg3m_dv_avg6m,model_vars_paydebt,-1
paydebt_pre_prop_avg3m_dv_avg9m,model_vars_paydebt,-1
paydebt_pre_prop_avg6m_dv_avg12m,model_vars_paydebt,-1
paydebt_pre_prop_l184d,model_vars_paydebt,-1
paydebt_pre_prop_l31d,model_vars_paydebt,-1
paydebt_pre_prop_l62d,model_vars_paydebt,-1
paydebt_pre_prop_l92d,model_vars_paydebt,-1
requested_loan_amount,model_vars_basic,-1
smpl_month,model_vars_basic,-1
tailno,model_vars_basic,-1
