third_party,iv,installed_sample_cnt,installed_sample_prop,installed_flag_sample_cnt,uninstalled_flag_sample_cnt,installed_flag_sample_rto,uninstalled_flag_sample_rto,installed_sample_datetime_min,installed_sample_datetime_max,installed_sample_trac_min,installed_sample_trac_max
Fundo Loans,0.022081922203966944,107818,0.8319161741331152,8486.0,2372.0,0.07870670945482201,0.10888725670216673,2024-01-01 00:12:39,2026-03-16 07:17:03,2023-07-03,2026-03-16
Beforepay,0.002604265886571937,62682,0.4836499436737087,4968.0,5890.0,0.0792572030247918,0.08801554094441123,2024-01-01 00:12:39,2026-03-16 07:17:03,2023-07-03,2026-03-16
Afterpay,0.02559713694404766,62618,0.4831561241338868,4476.0,6382.0,0.07148104378932575,0.09527648393646244,2024-01-01 00:12:39,2026-03-15 22:16:11,2023-07-03,2026-03-16
MyPayNow,0.0013404186679610906,55552,0.4286353605654234,4447.0,6411.0,0.0800511232718894,0.08657663740715732,2024-01-01 05:23:32,2026-03-16 07:17:03,2023-07-03,2026-03-16
Wagetap,0.003645101829611227,45678,0.35244826468727336,4049.0,6809.0,0.08864223477385175,0.0811329297936228,2024-01-01 00:12:39,2026-03-15 22:16:11,2023-07-03,2026-03-16
Credit Corp Loan,0.008802092256826818,41002,0.3163685745590346,2966.0,7892.0,0.07233793473489097,0.0890744920993228,2024-01-01 08:35:46,2026-03-16 07:17:03,2023-07-05,2026-03-16
Wagepay,6.386172699611469e-05,39646,0.30590577305905775,3290.0,7568.0,0.08298441204661253,0.0841300191204589,2024-01-01 08:35:46,2026-03-16 07:17:03,2023-07-04,2026-03-14
Moneyspot,0.0040748575143633075,37011,0.28557429669295226,2850.0,8008.0,0.07700413390613602,0.08648788759166658,2024-01-01 08:15:12,2026-03-15 22:16:11,2023-07-04,2026-03-16
Zip Pay,0.007443826359340719,29060,0.22422493480038888,2120.0,8738.0,0.0729525120440468,0.08690895347218078,2024-01-01 00:12:39,2026-03-15 19:36:22,2023-07-03,2026-03-14
Generic Loan,0.0026499387407002925,27442,0.21174055955926607,2523.0,8335.0,0.09193936302018803,0.08158770555990603,2024-01-01 08:15:12,2026-03-15 15:37:58,2023-07-03,2026-03-12
Press Pay,0.013062929342733213,26026,0.20081480224070616,2649.0,8209.0,0.10178283255206332,0.07925581215725651,2024-01-01 08:35:46,2026-03-16 07:17:03,2023-07-03,2026-03-14
Sunshine Loans,0.000644349207660576,20031,0.1545578000339501,1595.0,9263.0,0.07962657880285558,0.08453879219866571,2024-01-01 00:12:39,2026-03-15 22:16:11,2023-07-05,2026-03-13
Cash Converters,0.00028638587663481254,19328,0.14913350102621872,1748.0,9110.0,0.0904387417218543,0.08261240183542812,2024-01-01 00:12:39,2026-03-15 19:24:44,2023-07-05,2026-03-13
Zipmoney,0.01087133234871739,15912,0.12277588308822394,1032.0,9826.0,0.06485671191553545,0.08642800598117688,2024-01-01 05:23:32,2026-03-15 08:02:40,2023-07-04,2026-03-16
Swoosh Finance,0.00226626663442974,14772,0.11397972253514606,1391.0,9467.0,0.09416463579745464,0.0824436122964382,2024-01-01 08:15:12,2026-03-15 19:39:41,2023-07-05,2026-03-13
Paypal Pay in 4,0.016060913827589413,13492,0.10410333173870774,765.0,10093.0,0.05670026682478506,0.08692619068125054,2024-01-01 15:02:39,2026-03-15 18:10:32,2023-07-03,2026-03-15
Cash N Go,0.0010487433872086364,12765,0.09849385040354315,1056.0,9802.0,0.0827262044653349,0.08389465665842157,2024-01-01 08:29:19,2026-03-15 18:07:08,2023-07-03,2026-03-16
Cash Bridge,0.002221313738930853,10328,0.07969012823876175,980.0,9878.0,0.09488768396591789,0.08281771383537066,2024-01-01 08:35:46,2026-03-15 19:39:41,2023-07-04,2026-03-13
Klarna,0.0006619760681060103,10107,0.0779849076403142,913.0,9945.0,0.09033343227466113,0.08322523954977196,2024-01-01 14:30:56,2026-03-15 15:08:39,2023-07-05,2026-03-13
Jacaranda Finance,0.00729554835395283,9679,0.07468248946775513,618.0,10240.0,0.063849571236698,0.08538812404626302,2024-01-01 13:18:33,2026-03-15 18:07:08,2023-07-06,2026-03-13
CBA Loans,0.016592738415759478,8258,0.06371815249764665,403.0,10455.0,0.048801162509082105,0.0861600079113924,2024-01-01 08:29:19,2026-03-15 09:37:08,2023-07-07,2026-03-13
Credit24,0.013293811845573029,7601,0.05864878628416228,382.0,10476.0,0.05025654519142218,0.08586814862173262,2024-01-01 09:13:57,2026-03-15 12:17:24,2023-07-05,2026-03-14
CBA StepPay,0.0002455896178943609,7398,0.05708245243128964,576.0,10282.0,0.07785888077858881,0.0841379987561782,2024-01-01 16:52:06,2026-03-15 17:58:01,2023-07-05,2026-03-14
360 Cash Loans,5.99749992211538e-05,6601,0.050932855974444836,570.0,10288.0,0.08635055294652326,0.08364159640978529,2024-01-01 09:08:55,2026-03-15 16:48:59,2023-07-05,2026-03-13
Money3,0.0003098710033819273,5712,0.04407339392910603,518.0,10340.0,0.09068627450980392,0.0834611348777141,2024-01-01 21:50:52,2026-03-15 19:24:44,2023-07-06,2026-03-13
Latitude Financial,0.007415762107723565,5577,0.043031743337294176,304.0,10554.0,0.054509592971131435,0.08509574682523685,2024-01-01 21:13:48,2026-03-15 18:07:08,2023-07-06,2026-03-13
Loan Repayment Debit,0.0027625895765231922,5419,0.04181262634835882,353.0,10505.0,0.06514116995755674,0.08459289918909996,2024-01-01 05:10:11,2026-03-15 19:36:22,2023-07-03,2026-03-13
Safe Financial,0.0011472434214419651,5167,0.03986821191031003,357.0,10501.0,0.06909231662473389,0.08438944027002049,2024-01-01 17:33:33,2026-03-14 15:03:09,2023-07-05,2026-03-13
Humm,0.003583424111664798,4690,0.0361877131525748,315.0,10543.0,0.06716417910447761,0.08440342000768541,2024-01-01 05:23:32,2026-03-13 14:42:35,2023-07-06,2026-03-12
Fair Go Finance,0.004371977026921118,4393,0.033896081850588726,265.0,10593.0,0.06032324152060096,0.0846025445455199,2024-01-01 15:11:14,2026-03-15 10:20:10,2023-07-05,2026-03-12
Cash Train,0.003211172971362351,4188,0.03231431613709665,478.0,10380.0,0.11413562559694365,0.08276587940740268,2024-01-01 09:25:20,2026-03-15 04:38:52,2023-07-04,2026-03-13
Deferit,0.00016070316342234661,4128,0.03185136031851361,331.0,10527.0,0.08018410852713179,0.08389785931746815,2024-01-01 05:23:32,2026-03-15 16:38:16,2023-07-05,2026-03-13
MoneyMe,0.0071402476171609445,3829,0.02954429715590809,197.0,10661.0,0.05144946461217028,0.08476382053381887,2024-01-01 11:59:34,2026-03-15 21:49:10,2023-07-04,2026-03-11
Nimble,0.003395673897786807,3769,0.02908134133732504,224.0,10634.0,0.059432210135314405,0.08450883313598181,2024-01-02 04:52:11,2026-03-15 10:20:10,2023-07-07,2026-03-12
Flash Money,0.0025606343078545175,3756,0.028981034243298714,385.0,10473.0,0.10250266240681576,0.08322076188357198,2024-01-02 19:19:07,2026-03-15 22:16:11,2023-07-20,2026-03-13
Loan Repayment Credit,0.003239220361549193,3753,0.02895788645236956,223.0,10635.0,0.05941913136157741,0.08450603501021065,2024-01-01 09:25:20,2026-03-15 19:36:22,2023-07-03,2026-03-13
CashFaster,0.003446788828472972,3108,0.023981111402601812,277.0,10581.0,0.08912483912483912,0.08364823627998166,2024-01-11 17:26:44,2026-03-15 13:12:07,2023-08-04,2026-03-14
WESTPAC Loan Repayment,0.006461876962095142,3035,0.023417848489992437,145.0,10713.0,0.047775947281713346,0.08464291640000948,2024-01-02 10:45:07,2026-03-15 19:36:22,2023-07-04,2026-03-12
Snaffle,0.000898515463520405,2616,0.02018487369022083,272.0,10586.0,0.10397553516819572,0.08336352038807428,2024-01-01 19:15:42,2026-03-14 07:53:39,2023-07-06,2026-03-12
Harmoney,0.0010377580337667897,2575,0.019868520547522413,157.0,10701.0,0.06097087378640777,0.08424193281743252,2024-01-01 14:46:36,2026-03-15 19:39:41,2023-07-11,2026-03-12
Cigno Loans,0.008313977002635687,2349,0.01812472029752627,365.0,10493.0,0.15538527032779906,0.0824577809560482,2024-01-01 18:25:42,2025-10-28 11:25:29,2023-07-11,2025-10-20
Red Tree Finance,0.0011189424737634598,2079,0.016041419113902562,194.0,10664.0,0.09331409331409331,0.083624130548999,2024-01-02 14:26:10,2026-03-15 19:39:41,2023-07-11,2026-03-13
Fundency,0.0019646778751080535,2015,0.015547599574080646,223.0,10635.0,0.11066997518610422,0.08335488725340356,2024-09-07 14:00:05,2026-03-14 19:55:44,2024-06-19,2026-03-13
Zip Plus,0.006782950367988207,1931,0.014899461428064382,71.0,10787.0,0.03676851372345935,0.08449060475754086,2024-02-08 14:18:24,2026-03-15 12:17:24,2023-11-15,2026-03-16
PayExpress,2.231611325474267e-05,1873,0.01445193747010077,164.0,10694.0,0.08756006406833956,0.08372413469141698,2024-01-01 08:15:12,2026-03-15 07:14:05,2023-07-12,2026-03-12
Toyota Finance,0.0027935528637782945,1796,0.013857810836252527,96.0,10762.0,0.053452115812917596,0.08420574933884169,2024-01-01 15:43:19,2026-03-14 15:51:51,2023-07-07,2026-03-12
Finance One,9.76069730591592e-05,1723,0.013294547923643154,157.0,10701.0,0.09112013929193268,0.08368066688041038,2024-01-02 09:40:00,2026-03-15 16:48:59,2023-07-03,2026-03-12
Handout Loans,0.0012404571597449518,1711,0.013201956759926544,163.0,10695.0,0.09526592635885447,0.08362590018062256,2024-08-09 03:33:32,2026-03-15 12:21:10,2024-07-05,2026-03-13
General Mortgage,0.001020449205484837,1696,0.013086217805280782,107.0,10751.0,0.06308962264150944,0.08405391459352962,2024-01-01 08:21:30,2026-03-13 10:33:48,2023-07-13,2026-03-12
Rapid Loans,1.702491797811041e-05,1638,0.01263869384731717,130.0,10728.0,0.07936507936507936,0.08383607889718983,2024-01-01 00:12:39,2026-03-15 07:52:08,2023-07-05,2026-03-13
Liberty Financial,0.0005503358784952053,1615,0.01246122745019367,113.0,10745.0,0.06996904024767801,0.08395383906177971,2024-01-01 15:12:15,2026-03-14 15:03:09,2023-07-07,2026-03-13
R4K Group,0.0009368096130638049,1568,0.01209857872563695,168.0,10690.0,0.10714285714285714,0.08349344705312652,2024-03-06 11:36:20,2026-03-13 07:52:54,2023-09-13,2026-03-11
CBA Loan Redraw,0.00241731756606427,1553,0.011982839770991188,78.0,10780.0,0.050225370251126854,0.08418652234691407,2024-01-04 11:51:56,2026-03-14 16:55:20,2023-07-17,2026-03-09
NAB Loan Repayment,0.003013612431351392,1390,0.010725143130507245,66.0,10792.0,0.04748201438848921,0.08417308832246592,2024-01-01 05:23:32,2026-03-15 10:22:14,2023-07-05,2026-03-12
City Finance,0.00017463017213299782,1212,0.00935170753537754,115.0,10743.0,0.09488448844884488,0.08367474102344419,2024-01-05 07:58:52,2026-03-13 11:53:51,2023-07-11,2026-03-11
VetPay,0.0011643778554036492,1194,0.009212820789802626,68.0,10790.0,0.05695142378559464,0.08402903245903683,2024-01-02 18:48:25,2026-03-14 06:02:14,2023-07-10,2026-03-13
Plenti,0.002309128642627672,1147,0.008850172065245908,55.0,10803.0,0.04795117698343505,0.08409949009380717,2024-01-01 00:12:39,2026-03-15 04:38:52,2023-07-14,2026-03-02
Now Finance,0.0010613053259285019,1141,0.008803876483387601,64.0,10794.0,0.056091148115687994,0.0840255019033014,2024-01-03 08:08:48,2026-03-15 16:14:53,2023-07-12,2026-03-13
Azora Finance,3.768612087816042e-05,1104,0.008518387061928057,84.0,10774.0,0.07608695652173914,0.083845662967517,2024-01-02 09:40:00,2026-03-15 19:17:34,2023-07-12,2026-03-13
NAB Credit Card Cash Advance T,0.0008005990672267897,1047,0.008078579034274162,74.0,10784.0,0.07067812798471824,0.08388627435727898,2024-01-01 10:46:49,2025-09-16 17:59:02,2023-07-05,2025-09-15
Pepper Money,3.066449433854012e-06,1037,0.008001419731176988,87.0,10771.0,0.08389585342333655,0.08377863337611326,2024-01-02 14:56:36,2026-03-13 07:46:17,2023-07-13,2026-03-12
St George Loans,0.0005480694241065273,1023,0.007893396706840944,74.0,10784.0,0.07233626588465299,0.08387061650813897,2024-01-02 13:36:03,2026-03-11 03:41:11,2023-07-05,2026-03-04
Stay Finance,0.0007855670478174918,995,0.007677350658168856,91.0,10767.0,0.0914572864321608,0.08372017075275841,2024-02-16 22:39:02,2026-03-14 12:49:00,2023-12-14,2026-03-12
Home Loan,0.000628090313428814,926,0.007144951466798352,57.0,10801.0,0.061555075593952485,0.08393950697876838,2024-01-02 12:51:02,2026-03-15 07:52:08,2023-07-07,2026-03-11
Champion Loans,8.011949961403259e-06,903,0.006967485069674851,76.0,10782.0,0.08416389811738649,0.08377687472319133,2024-01-03 12:55:16,2026-03-13 13:14:06,2023-07-06,2026-03-12
Money Centre,0.0019731193586657054,897,0.006921189487816546,118.0,10740.0,0.13154960981047936,0.08344664154461753,2024-01-02 19:25:10,2026-03-13 14:30:58,2023-07-05,2026-03-10
Affordable Car Loans,8.41863264564552e-05,864,0.006666563787595871,80.0,10778.0,0.09259259259259259,0.08372042442790785,2024-01-03 16:42:12,2026-03-15 12:21:10,2023-07-07,2026-03-13
WESTPAC Credit Card Cash Advan,0.00221470960512116,837,0.006458233669233499,44.0,10814.0,0.052568697729988054,0.0839824486467596,2024-01-01 14:46:36,2025-09-15 13:00:52,2023-07-10,2025-09-12
WESTPAC Loan Redraw,0.0012623726202245155,823,0.006350210644897455,42.0,10816.0,0.05103280680437424,0.08398884911359772,2024-01-02 10:45:07,2026-03-13 07:26:18,2023-07-10,2026-03-10
Paylab,9.000322909911063e-05,821,0.00633477878427802,66.0,10792.0,0.08038976857490865,0.08380118185136005,2025-05-16 18:53:34,2026-03-14 13:11:56,2025-02-10,2026-02-06
Laybuy,0.000526787496629113,815,0.006288483202419716,96.0,10762.0,0.11779141104294479,0.08356433490957939,2024-01-02 20:45:26,2026-03-08 01:44:48,2023-07-12,2025-12-24
NAB Now Pay Later,0.0003414871384667003,803,0.006195892038703106,33.0,10825.0,0.0410958904109589,0.08404568358449988,2025-07-23 08:41:16,2026-03-15 21:49:10,2025-01-28,2026-03-14
Nissan Finance,0.0008632755250517766,756,0.005833243314146387,43.0,10815.0,0.056878306878306875,0.08393741365661332,2024-01-03 09:55:03,2026-03-13 07:52:54,2023-07-10,2026-03-13
Loan Redraw Credit,0.0017520528001722018,703,0.005424299007731362,83.0,10775.0,0.11806543385490754,0.08359258023724,2024-01-02 15:54:46,2026-03-14 09:50:32,2023-09-03,2026-03-05
Macquarie Leasing,0.0003759514459388775,701,0.005408867147111927,47.0,10811.0,0.06704707560627675,0.08387056733462114,2024-01-01 15:02:39,2026-03-14 10:17:50,2023-07-03,2026-03-13
Circlepay,0.000606632189839529,684,0.005277696331846731,84.0,10774.0,0.12280701754385964,0.08357250345180657,2024-01-02 20:45:26,2025-12-22 13:45:26,2023-09-14,2025-07-17
Angle Finance,0.00114838934519838,681,0.0052545485409175785,31.0,10827.0,0.04552129221732746,0.08398166318908479,2024-01-02 10:53:48,2026-03-15 13:35:24,2023-07-10,2026-03-09
CashPal,1.2020718180901076e-05,674,0.005200537028749556,41.0,10817.0,0.06083086053412463,0.08389954082898983,2025-05-09 07:08:06,2026-03-15 14:44:19,2024-11-11,2026-03-11
Salt and Lime,8.03969723124969e-05,671,0.005177389237820404,65.0,10793.0,0.09687034277198212,0.08371144255454468,2024-01-01 13:18:33,2026-03-14 12:46:44,2023-07-05,2026-03-11
Cash Direct,2.018112940033391e-06,636,0.004907331676980294,51.0,10807.0,0.08018867924528301,0.08379727990323031,2024-01-03 13:43:09,2026-03-15 13:35:24,2023-07-11,2026-03-09
Allied Retail Finance,0.0014187066433669455,611,0.004714433419237357,25.0,10833.0,0.04091653027823241,0.08398260343744912,2024-09-19 19:21:40,2026-03-15 12:17:24,2024-04-02,2026-03-11
PayLater Travel,1.3161197924824076e-05,610,0.00470671748892764,41.0,10817.0,0.06721311475409836,0.08385791366906475,2025-05-15 19:18:17,2026-03-15 02:40:31,2024-11-22,2026-03-14
Wisr,0.000783316411274006,567,0.00437493248560979,31.0,10827.0,0.054673721340388004,0.08390746696632696,2024-01-05 11:46:33,2026-03-12 10:17:40,2023-07-10,2026-03-03
Arteva Funding,0.0003097958606588405,563,0.00434406876437092,36.0,10822.0,0.06394316163410302,0.08386611799533475,2024-01-01 15:02:39,2026-03-13 18:01:40,2023-07-10,2026-02-25
DentiCare,2.3624976547267634e-08,553,0.004266909461273746,45.0,10813.0,0.081374321880651,0.08378987826329534,2024-01-02 14:05:24,2026-03-15 15:37:58,2023-07-04,2026-03-12
NAB Loan Redraw,0.001247628410556038,551,0.004251477600654311,25.0,10833.0,0.045372050816696916,0.08394355719831695,2024-01-01 05:23:32,2026-03-14 06:02:48,2023-08-15,2026-03-05
MoneyPlus,0.0002735482347863419,549,0.004236045740034876,34.0,10824.0,0.061930783242258654,0.08387251749281303,2024-01-04 11:09:25,2026-03-14 14:50:04,2023-07-19,2026-03-11
Loan Redraw Debit,0.0006857401658197033,528,0.00407401120353081,28.0,10830.0,0.05303030303030303,0.08390535661713436,2024-01-01 09:25:20,2026-03-14 04:07:39,2023-07-15,2026-03-09
Society One,0.0022234557901119815,527,0.004066295273221093,19.0,10839.0,0.036053130929791274,0.08397443346891342,2024-01-02 14:45:32,2026-03-14 18:29:23,2023-07-17,2026-03-06
Green Light Auto Finance,5.132416540085754e-05,524,0.00404314748229194,40.0,10818.0,0.07633587786259542,0.08380978942964719,2024-01-01 15:43:19,2026-03-15 02:40:31,2023-07-12,2026-03-12
CarCoop,0.001602038304071369,505,0.0038965448064073086,68.0,10790.0,0.13465346534653466,0.08358056345228781,2024-01-04 09:47:42,2026-03-14 15:49:43,2023-07-13,2026-03-12
MPF Repayment,0.0003588549525501606,496,0.0038271014336198517,32.0,10826.0,0.06451612903225806,0.08385357768035567,2024-01-03 23:40:54,2026-03-11 09:50:01,2023-07-07,2026-03-06
MyCashOnline,3.5305725663693525e-05,487,0.0037576580608323948,36.0,10822.0,0.07392197125256673,0.0838167525074546,2024-01-11 17:26:44,2026-03-07 13:03:52,2023-07-20,2026-03-05
Volkswagen Financial,0.00040664096351442325,482,0.003719078409283807,28.0,10830.0,0.058091286307053944,0.08387546468401487,2024-01-03 12:18:33,2026-03-15 09:17:50,2023-07-07,2026-03-13
Credit Card Cash Advance Trans,0.00011351049010216134,476,0.0036727828274255025,38.0,10820.0,0.07983193277310924,0.08379412356922696,2024-01-02 11:17:01,2025-09-16 14:13:11,2023-07-10,2025-09-08
Payright,3.9166174951614154e-05,470,0.003626487245567198,36.0,10822.0,0.07659574468085106,0.08380571817984697,2024-01-01 19:17:58,2026-03-08 08:58:39,2023-07-10,2026-02-27
Quickzy,0.0002671069765095084,463,0.003572475733399176,44.0,10814.0,0.09503239740820735,0.083739226724692,2024-01-05 09:08:00,2026-03-13 12:41:21,2023-08-18,2026-03-12
ANZ Loan Redraw,0.0009523037368605531,462,0.0035647598030894585,20.0,10838.0,0.04329004329004329,0.0839244231067059,2024-01-02 12:51:02,2026-03-13 14:50:32,2023-07-21,2026-03-09
1st Choice Rentals,0.0003199138673932471,454,0.003503032360611719,48.0,10810.0,0.10572687224669604,0.0837024189302196,2024-01-03 10:52:03,2026-03-13 06:37:46,2023-07-14,2026-03-12
Poligon Group,0.00034341799720767635,448,0.0034567367787534144,25.0,10833.0,0.05580357142857143,0.08387661241618533,2024-01-01 13:39:17,2026-03-14 19:36:56,2023-07-15,2026-03-11
Square Loans,6.997458602429007e-05,411,0.003171247357293869,42.0,10816.0,0.10218978102189781,0.08372100223699794,2024-01-14 22:25:10,2026-03-10 12:54:22,2023-07-31,2026-01-15
First Mortgage Company,0.00010082755971000672,406,0.0031326677057452817,27.0,10831.0,0.0665024630541872,0.0838338648255364,2024-01-06 16:51:46,2026-03-13 18:05:52,2023-07-13,2026-02-26
Gimmie,0.0001157285378604354,398,0.003070940263267542,41.0,10817.0,0.10301507537688442,0.08372031825640074,2024-01-02 18:52:46,2026-03-12 14:35:51,2023-07-06,2026-03-11
NextPayday,0.0002344530886127108,388,0.002993780960170368,12.0,10846.0,0.030927835051546393,0.0839382729425604,2025-10-17 11:16:19,2026-03-15 22:16:11,2025-09-09,2026-03-12
Autopay,0.00012964835964931896,382,0.0029474853783120632,24.0,10834.0,0.06282722513089005,0.08384151060207398,2024-01-02 12:29:35,2026-03-14 09:44:56,2023-08-01,2026-03-10
Good To Go,1.9248054751716567e-05,374,0.0028857579358343237,32.0,10826.0,0.0855614973262032,0.0837744142136379,2024-01-08 16:34:56,2026-03-15 08:58:57,2023-07-18,2026-03-13
Cash Now,0.00031688932563565087,369,0.002847178284285736,40.0,10818.0,0.10840108401084012,0.08370926930427987,2024-01-01 18:25:42,2026-03-08 01:28:56,2023-07-13,2026-02-19
Citibank Loans,0.0008446811031873412,366,0.002824030493356584,16.0,10842.0,0.04371584699453552,0.08389303290104924,2024-01-01 05:23:32,2026-03-13 16:47:51,2023-07-12,2026-01-30
ING Loan Redraw,8.32430934386218e-06,363,0.0028008827024274315,31.0,10827.0,0.08539944903581267,0.08377502147184673,2024-01-01 19:17:58,2026-03-14 21:25:01,2023-07-31,2026-02-28
Brighte,0.0019540156956558735,348,0.00268514374778167,10.0,10848.0,0.028735632183908046,0.08392777012703669,2024-01-01 19:17:58,2026-03-13 01:09:52,2023-07-05,2026-03-11
APS Loans,0.00024288718838437454,324,0.0024999614203484516,19.0,10839.0,0.05864197530864197,0.08384257182196507,2024-01-02 18:40:47,2026-03-13 18:15:43,2023-07-12,2026-03-11
My OZ Money,0.0010515160663430332,324,0.0024999614203484516,13.0,10845.0,0.040123456790123455,0.08388898343105555,2024-01-04 15:33:55,2026-03-12 04:09:48,2023-07-19,2026-03-11
Cash Stop,0.00015547096514071168,323,0.002492245490038734,35.0,10823.0,0.10835913312693499,0.08371815994863821,2024-01-02 11:49:45,2026-03-14 13:04:18,2023-07-10,2026-03-12
Yamaha Motor Finance,0.00010450744651564486,313,0.0024150861869415593,21.0,10837.0,0.0670926517571885,0.08381996921625197,2024-01-03 14:58:34,2026-03-14 14:15:45,2023-07-05,2026-03-06
NAB Credit Card Cash Advance Transfer,0.00015608296295980113,309,0.0023842224657026896,9.0,10849.0,0.02912621359223301,0.08391018848661567,2025-09-16 17:14:51,2026-03-14 13:11:56,2025-03-24,2026-03-13
EBP Money,3.964652550878869e-06,308,0.002376506535392972,25.0,10833.0,0.08116883116883117,0.08378579052392222,2024-01-11 17:26:44,2026-03-09 23:07:45,2023-07-26,2026-03-02
Difrent Rental,0.00015663887996705863,300,0.0023147790929152327,31.0,10827.0,0.10333333333333333,0.08373420364727537,2024-01-03 17:17:53,2026-03-12 17:26:09,2023-07-07,2026-03-11
Money Place,8.548030739714832e-05,292,0.002253051650437493,19.0,10839.0,0.06506849315068493,0.08382182352486273,2024-01-08 21:53:12,2026-03-11 11:06:37,2023-07-28,2026-03-04
Branded Financial,5.4577115675740934e-05,283,0.0021836082776500363,19.0,10839.0,0.06713780918727916,0.08381598991640826,2024-01-10 10:27:44,2026-03-13 09:18:21,2023-07-21,2026-03-12
Auto Finance Loans,1.8251959017218717e-06,279,0.0021527445564111665,16.0,10842.0,0.05734767025089606,0.08383659519188388,2025-06-19 21:07:43,2026-03-14 12:46:44,2024-12-31,2026-03-06
Mazda Finance,0.0003069600157726679,275,0.002121880835172297,15.0,10843.0,0.05454545454545454,0.08384173451792742,2024-01-11 00:19:38,2026-03-13 15:46:56,2023-07-17,2026-03-12
Gedda Money,0.00029926490470868203,270,0.0020833011836237096,33.0,10825.0,0.12222222222222222,0.08369931648779884,2024-01-03 12:48:25,2026-02-28 18:13:57,2023-07-05,2026-01-08
OurMoneyMarket,0.0011452712412437305,269,0.002075585253313992,8.0,10850.0,0.02973977695167286,0.083891968793734,2024-01-02 02:56:35,2026-03-15 16:14:53,2023-07-12,2026-03-03
Cash Place,0.0002630571477170664,264,0.002037005601765405,30.0,10828.0,0.11363636363636363,0.08371862870927338,2024-03-14 08:39:11,2026-03-07 12:05:32,2023-10-10,2026-03-02
Nimble AnyTime,0.0008789305452317387,263,0.0020292896714556876,12.0,10846.0,0.045627376425855515,0.08385715058876286,2024-01-02 04:52:11,2026-02-17 20:31:27,2023-07-11,2026-02-08
Earned Wage Access,7.872130715081327e-05,262,0.00202157374114597,23.0,10835.0,0.08778625954198473,0.08377145507963507,2025-02-06 12:16:11,2026-03-15 19:23:06,2024-08-11,2026-03-12
Thorn Group,5.5350518195991495e-08,259,0.001998425950216818,23.0,10835.0,0.0888030888030888,0.08376951207255127,2024-01-02 16:23:28,2026-03-12 08:41:55,2023-07-11,2026-02-26
ING Loan Repayment Debit,5.0348986007907334e-05,255,0.0019675622289779477,17.0,10841.0,0.06666666666666667,0.08381330838751576,2024-01-04 12:26:55,2026-03-14 21:25:01,2023-08-02,2026-03-11
Fair Go Finance SACC,6.701933072834734e-05,246,0.001898118856190491,17.0,10841.0,0.06910569105691057,0.08380747704010637,2024-01-13 20:19:04,2026-03-10 03:44:38,2023-12-07,2026-03-04
ANZ Credit Card Cash Advance T,0.0002785156826536532,239,0.0018441073440224687,15.0,10843.0,0.06276150627615062,0.08381840247984354,2024-01-01 08:35:46,2025-09-15 09:30:31,2023-07-03,2025-08-29
Ume Loans,0.0007427597534967195,232,0.0017900958318544467,31.0,10827.0,0.1336206896551724,0.08369019092525315,2024-01-03 00:48:30,2026-03-15 11:27:04,2023-07-12,2026-03-12
Resimac,0.0003693342698347766,225,0.0017360843196864246,6.0,10852.0,0.02666666666666667,0.08387889655812084,2025-06-06 00:40:44,2026-03-15 16:14:53,2025-03-06,2026-03-12
WESTPAC Credit Card Cash Advance Transfer,0.0001545138384093089,225,0.0017360843196864246,5.0,10853.0,0.022222222222222223,0.08388662590723235,2025-09-13 18:54:50,2026-03-15 18:07:08,2025-03-25,2026-03-09
Layaway,0.00022620349498011307,220,0.0016975046681378374,25.0,10833.0,0.11363636363636363,0.08372880307925368,2024-01-26 07:33:21,2026-03-13 14:42:35,2023-07-31,2026-03-10
Automotive Financial Services,0.00025417143900134523,215,0.0016589250165892503,11.0,10847.0,0.05116279069767442,0.08383377000780604,2024-01-04 08:24:58,2026-03-13 01:09:52,2023-07-31,2026-03-06
BANKWEST Loans,0.0003989996300877778,203,0.0015663338528726408,10.0,10848.0,0.04926108374384237,0.08383372359910046,2024-01-08 13:54:04,2026-03-13 12:33:34,2023-07-13,2026-02-26
My Layby,3.68230652217326e-06,203,0.0015663338528726408,17.0,10841.0,0.08374384236453201,0.08377962735415266,2024-01-01 08:21:30,2026-03-10 12:42:18,2023-07-27,2026-03-09
Taurus Motor Finance,0.001614225954317741,200,0.0015431860619434885,4.0,10854.0,0.02,0.0838781471692864,2024-01-10 21:42:45,2026-03-12 11:06:43,2023-07-12,2026-03-10
ING Loans,1.0192453425473244e-06,187,0.0014428789679171619,15.0,10843.0,0.08021390374331551,0.08378472356372908,2024-01-24 18:01:55,2026-03-13 08:56:10,2023-08-02,2026-03-12
JP Finance and Investment,0.0008946246504093275,180,0.0013888674557491396,27.0,10831.0,0.15,0.08368747199085164,2024-01-09 14:44:52,2026-03-13 17:45:41,2023-07-17,2026-03-10
Golden Bridge Cash Solution,0.00010503772240229284,177,0.0013657196648199873,18.0,10840.0,0.1016949152542373,0.08375507050415298,2024-01-11 14:40:04,2026-03-03 12:14:42,2023-07-27,2026-02-27
Direct Finance,5.700290861709486e-07,172,0.0013271400132714001,15.0,10843.0,0.0872093023255814,0.08377501352082206,2024-01-04 14:17:02,2026-03-12 03:49:11,2023-07-20,2026-02-24
Mercedes-Benz Financial Servic,3.880088917547397e-05,169,0.0013039922223422478,13.0,10845.0,0.07692307692307693,0.08378852379223227,2024-01-10 17:22:28,2025-09-13 13:36:24,2023-07-20,2025-08-21
C1 Finance,0.00022898730299065307,164,0.0012654125707936606,19.0,10839.0,0.11585365853658537,0.08373893292541602,2024-01-13 05:29:47,2026-03-11 11:06:37,2023-08-18,2026-03-09
Cash Savvy,9.631372830115143e-07,164,0.0012654125707936606,12.0,10846.0,0.07317073170731707,0.08379301287102706,2024-04-20 06:07:32,2026-03-02 12:17:00,2023-12-11,2026-02-14
Elantis Premium Funding,7.433206658699224e-08,163,0.0012576966404839432,13.0,10845.0,0.07975460122699386,0.08378463986897303,2024-01-03 14:58:34,2026-03-13 10:37:13,2023-07-07,2026-02-27
Keystart Loans,3.250132385217609e-05,162,0.0012499807101742258,10.0,10848.0,0.06172839506172839,0.08380716934487022,2024-01-04 15:21:57,2026-03-06 11:13:02,2023-07-14,2026-02-24
BANKWEST Credit Card Cash Adva,0.0001535018348524669,158,0.001219116988935356,10.0,10848.0,0.06329113924050633,0.08380457958653935,2024-01-05 19:45:07,2025-09-12 21:31:36,2023-07-24,2025-09-10
Sure Cash,5.277772996434142e-05,144,0.0011110939645993117,14.0,10844.0,0.09722222222222222,0.0837646186407947,2024-01-12 17:34:57,2026-03-02 19:55:14,2023-07-17,2026-02-26
Rent The Roo,0.00032303611567087236,143,0.0011033780342895943,17.0,10841.0,0.11888111888111888,0.08374079824500422,2024-01-29 12:34:19,2026-03-12 08:25:40,2023-08-02,2026-03-06
Power Alliance Finance,0.0001551679083895923,142,0.0010956621039798769,6.0,10852.0,0.04225352112676056,0.08382511972810135,2024-01-08 11:27:01,2026-03-13 19:09:21,2023-07-17,2026-03-11
RACV Finance,3.295785516676978e-08,133,0.00102621873119242,10.0,10848.0,0.07518796992481203,0.08378839722250114,2024-01-14 10:55:10,2026-03-14 08:42:37,2023-07-18,2026-03-04
Speedle Loans,0.0002880063562505759,133,0.00102621873119242,14.0,10844.0,0.10526315789473684,0.08375750179579668,2024-08-24 18:05:55,2026-03-14 07:11:38,2024-06-26,2026-03-12
Swift Loans,0.00013567329348229007,133,0.00102621873119242,7.0,10851.0,0.05263157894736842,0.08381156879252949,2024-01-29 10:13:31,2026-03-05 02:57:19,2023-08-16,2026-03-04
QPR Limited,0.00015698421346504773,131,0.001010786870572985,7.0,10851.0,0.05343511450381679,0.08381027411543898,2024-01-11 13:13:38,2026-03-13 03:39:44,2023-07-24,2026-03-02
Alpha Finance,0.0004310232277462652,128,0.0009876390796438326,5.0,10853.0,0.0390625,0.08382377929159522,2024-01-02 09:52:53,2026-03-15 11:27:04,2023-07-12,2025-12-24
Loopit,7.113061797814053e-05,125,0.0009644912887146804,14.0,10844.0,0.112,0.08375232666805688,2024-01-13 00:01:34,2025-11-02 18:25:34,2023-07-14,2025-06-05
BOQ Credit,0.0003273900688609945,123,0.0009490594280952455,5.0,10853.0,0.04065040650406504,0.0838205423273272,2024-01-02 16:37:25,2026-03-11 15:37:21,2023-07-19,2026-02-25
Credit Card Cash Advance Transfer Debit,0.00013719755181916925,121,0.0009336275674758105,2.0,10856.0,0.01652892561983471,0.08384241703415946,2025-09-20 08:25:16,2026-03-13 06:08:06,2025-03-24,2026-03-02
SRG Finance,0.0004606848889243226,119,0.0009181957068563756,17.0,10841.0,0.14285714285714285,0.0837252766772472,2024-01-19 14:23:15,2026-03-12 23:39:00,2023-08-02,2026-02-26
Lombard Finance,0.0006450165100654148,113,0.000871900124998071,3.0,10855.0,0.02654867256637168,0.08382951447613311,2024-01-03 08:30:00,2026-02-27 11:22:39,2023-07-13,2026-02-09
Sovereign Credit,9.87989020874996e-05,111,0.0008564682643786362,6.0,10852.0,0.05405405405405406,0.08380505208856213,2024-01-14 12:06:40,2026-03-14 10:38:58,2023-07-27,2026-02-19
RAMS Loans,2.6309595074863722e-05,110,0.0008487523340689187,7.0,10851.0,0.06363636363636363,0.08379668242053563,2024-01-13 12:49:17,2026-03-03 10:34:47,2023-08-28,2026-02-05
Attvest Finance,8.646160331811011e-06,109,0.0008410364037592013,9.0,10849.0,0.08256880733944955,0.083780590456627,2024-01-02 16:06:02,2026-03-12 03:31:27,2023-07-18,2026-03-03
BMW Finance,0.00010173375714841425,108,0.0008333204734494839,5.0,10853.0,0.046296296296296294,0.08381083293434445,2024-01-03 08:08:48,2026-03-15 10:22:14,2023-07-11,2026-03-12
Splend,0.0006434107531164242,104,0.000802456752210614,16.0,10842.0,0.15384615384615385,0.08372330074595746,2024-01-15 10:04:51,2026-03-07 02:17:25,2023-07-31,2026-03-05
Coles Loan,0.00011589014267836042,102,0.0007870248915911791,5.0,10853.0,0.049019607843137254,0.0838069498069498,2024-01-03 05:47:11,2026-03-14 23:16:08,2023-08-03,2026-01-14
ANZ Credit Card Cash Advance Transfer,0.00012783018289447374,96,0.0007407293097328745,1.0,10857.0,0.010416666666666666,0.08383395363921363,2025-09-20 08:39:30,2026-03-14 17:43:51,2025-03-31,2026-03-12
Australian Motorcycle and Mari,7.64257946708234e-05,96,0.0007407293097328745,11.0,10847.0,0.11458333333333333,0.08375673713959199,2024-02-07 14:15:05,2025-09-12 06:47:42,2023-08-17,2025-09-11
Rent4Keeps,0.00044809480648089244,94,0.0007252974491134397,15.0,10843.0,0.1595744680851064,0.08372455755628996,2024-01-02 09:02:05,2024-03-07 09:49:02,2023-07-12,2024-03-01
Perpetual Limited,0.0008084977563167362,93,0.0007175815188037222,1.0,10857.0,0.010752688172043012,0.0838320116748643,2024-01-05 12:24:35,2026-02-25 12:42:56,2023-07-06,2026-02-25
Morris Finance,0.00028170390002505845,90,0.0006944337278745698,12.0,10846.0,0.13333333333333333,0.08374513558589165,2024-01-11 17:48:48,2026-03-03 15:56:47,2023-07-20,2026-02-26
Solar Vic,0.00030354068108135113,90,0.0006944337278745698,3.0,10855.0,0.03333333333333333,0.08381462721601088,2024-06-24 18:47:46,2026-02-28 17:55:43,2023-12-27,2026-02-12
WESTPAC Loans,2.7577151143249812e-05,90,0.0006944337278745698,7.0,10851.0,0.07777777777777778,0.083783742047069,2024-01-08 09:26:13,2026-03-15 10:22:14,2023-08-17,2026-02-24
Bluestone Australia,2.8915420094771375e-06,86,0.0006635700066357001,6.0,10852.0,0.06976744186046512,0.08378887550572903,2024-01-06 15:00:38,2026-03-07 07:49:12,2023-07-13,2026-02-20
Advantedge,1.574522472287371e-05,83,0.0006404222157065478,5.0,10853.0,0.060240963855421686,0.08379465561037376,2024-01-11 00:19:38,2026-03-10 06:28:50,2023-07-21,2026-02-19
Autoflex Leasing,9.522566777481283e-05,82,0.0006327062853968303,8.0,10850.0,0.0975609756097561,0.08377084620135887,2024-01-05 02:33:24,2026-03-06 14:37:51,2023-07-13,2026-02-20
Iqumulate Premium Funding,4.7822216619179575e-05,80,0.0006172744247773955,4.0,10854.0,0.05,0.08380043544725993,2024-01-21 19:02:14,2026-03-14 01:04:29,2023-07-31,2026-03-09
Spotter Loan,3.2788308495646714e-06,78,0.0006018425641579605,7.0,10851.0,0.08974358974358974,0.08377597974120626,2024-01-02 16:36:14,2025-12-20 12:12:27,2023-07-12,2025-10-01
Audi Finance,0.0001769147528053476,75,0.0005786947732288082,9.0,10849.0,0.12,0.08375859859334348,2024-03-25 19:35:34,2026-03-13 10:33:48,2023-10-19,2026-03-05
Cash Smart,3.756062856151525e-05,74,0.0005709788429190907,4.0,10854.0,0.05405405405405406,0.08379655364091161,2024-01-29 12:41:48,2026-02-24 12:31:35,2023-08-02,2026-02-17
Hunter Premium Funding,0.00010572424499940837,71,0.0005478310519899384,3.0,10855.0,0.04225352112676056,0.0838023330322471,2024-01-05 22:04:28,2026-03-12 15:39:03,2023-07-13,2026-02-19
Subaru Finance,6.838320742099034e-09,70,0.000540115121680221,5.0,10853.0,0.07142857142857142,0.08378624586974648,2024-07-05 00:34:15,2026-03-06 10:23:59,2024-02-29,2026-02-14
Spot BNPL,3.1912461495299124e-05,67,0.0005169673307510687,7.0,10851.0,0.1044776119402985,0.0837688655575713,2024-01-04 01:17:12,2024-08-28 07:36:17,2023-07-05,2024-04-24
Amanzica,0.00010337879830832176,65,0.0005015354701316338,8.0,10850.0,0.12307692307692308,0.08375985239738454,2024-01-01 18:18:56,2024-10-16 16:47:33,2023-07-12,2024-05-13
Great Southern Bank Loan Repay,1.5169957393101474e-06,64,0.0004938195398219163,5.0,10853.0,0.078125,0.08378236502030292,2024-01-03 14:19:26,2025-09-15 22:17:38,2023-03-13,2025-09-14
Rentorilla,0.000172731911251113,62,0.00047838767920248146,8.0,10850.0,0.12903225806451613,0.08375791261386445,2024-02-17 18:40:02,2026-03-13 06:37:46,2023-09-07,2026-02-11
SUNCORP Loan Repayment,0.00016912897115138736,62,0.00047838767920248146,2.0,10856.0,0.03225806451612903,0.08380423035355875,2024-01-23 01:02:25,2026-02-26 15:41:18,2023-08-16,2026-02-13
SmartPlan,0.00020980176245183942,62,0.00047838767920248146,8.0,10850.0,0.12903225806451613,0.08375791261386445,2024-02-10 11:10:38,2026-03-03 18:41:16,2023-09-14,2025-12-29
ANZ Loan Repayment,6.445016419613127e-06,60,0.00046295581858304654,5.0,10853.0,0.08333333333333333,0.08377977798706211,2024-01-09 12:48:55,2026-03-15 18:07:08,2023-07-20,2026-03-12
Gamma Duo,2.1521160791946216e-06,58,0.00044752395796361167,1.0,10857.0,0.017241379310344827,0.08380936207003026,2025-10-20 07:19:54,2026-03-13 22:20:50,2025-04-23,2026-03-11
Mr Rental Group,0.00031099827869360486,57,0.00043980802765389423,9.0,10849.0,0.15789473684210525,0.08374696051565093,2024-01-04 18:26:51,2026-02-27 15:11:16,2023-07-14,2026-02-25
Bundll,5.463161607155613e-05,56,0.0004320920973441768,3.0,10855.0,0.05357142857142857,0.08379262964506816,2024-01-02 02:56:35,2024-10-16 10:57:05,2023-07-04,2024-04-27
Miscellaneous Equipment Financ,4.430258299112065e-06,56,0.0004320920973441768,5.0,10853.0,0.08928571428571429,0.08377719111358127,2024-01-25 22:29:51,2025-09-15 12:49:28,2023-11-11,2025-08-02
Spondooli,4.324580211943613e-06,55,0.00042437616703445936,4.0,10854.0,0.07272727272727272,0.08378426362632867,2024-01-25 11:36:04,2026-03-03 19:39:32,2023-08-03,2026-02-17
IBA Loans,0.00010394206062570514,54,0.0004166602367247419,5.0,10853.0,0.09259259259259259,0.08377589773674622,2025-03-03 13:17:08,2026-03-14 09:46:43,2024-09-12,2026-03-11
Handee Loans,4.6492570820673545e-07,53,0.00040894430641502444,4.0,10854.0,0.07547169811320754,0.08378297015029063,2024-01-03 14:06:30,2026-03-12 07:16:15,2023-07-13,2026-03-11
Metro Finance,0.000190241550070097,51,0.00039351244579558957,1.0,10857.0,0.0196078431372549,0.08380483361764865,2024-01-24 18:57:56,2026-02-19 14:50:52,2023-08-07,2026-02-16
Cash Loan Money Centres,5.792865588320754e-05,50,0.00038579651548587213,2.0,10856.0,0.04,0.08379646782759047,2024-02-15 00:23:55,2026-03-09 18:43:17,2023-08-23,2026-02-23
Essential Appliance Rentals,0.0005808108423440099,49,0.0003780805851761547,9.0,10849.0,0.1836734693877551,0.08374178907474161,2024-01-16 09:14:28,2026-03-06 14:53:48,2023-07-18,2026-03-05
Rescue Credit,2.5385271973471876e-05,48,0.00037036465486643726,4.0,10854.0,0.08333333333333333,0.08377973663491671,2024-01-03 16:25:17,2026-03-14 03:09:15,2023-07-12,2026-03-13
Mercedes-Benz Financial Services,7.585912842778286e-05,45,0.0003472168639372849,0.0,10858.0,0.0,0.08380867108685752,2025-09-20 18:02:46,2026-03-14 15:03:09,2025-04-14,2026-03-11
Personal Finance Co,1.378737365667415e-05,44,0.00033950093362756747,3.0,10855.0,0.06818181818181818,0.08378486855308047,2024-02-26 23:44:35,2026-03-12 08:25:40,2023-09-19,2026-01-28
Australian Premier Finance,0.00010394206062570514,43,0.00033178500331785003,5.0,10853.0,0.11627906976744186,0.08376878487793206,2024-02-16 11:26:14,2026-03-01 21:36:20,2023-08-25,2026-02-26
Rent 2 Own,0.00024456551228755897,43,0.00033178500331785003,6.0,10852.0,0.13953488372093023,0.08376106638674272,2024-01-10 18:50:17,2026-03-04 00:47:28,2023-07-18,2026-02-11
Finance Now,2.6456960888954955e-07,42,0.0003240690730081326,3.0,10855.0,0.07142857142857142,0.08378357517752393,2024-01-04 08:20:17,2025-12-14 10:55:05,2023-07-07,2025-09-19
MACQUARIE Loan Repayment,2.381994665706593e-06,42,0.0003240690730081326,3.0,10855.0,0.07142857142857142,0.08378357517752393,2024-01-11 01:49:20,2026-02-10 22:37:39,2023-07-28,2026-02-04
Wizpay,0.000289680670921509,42,0.0003240690730081326,7.0,10851.0,0.16666666666666666,0.08375270145106514,2024-01-16 10:18:17,2025-05-16 08:41:37,2023-09-02,2024-12-09
Forget Reg,0.00011644710358171533,41,0.00031635314269841516,1.0,10857.0,0.024390243902439025,0.08379836524880173,2024-01-09 06:51:38,2026-03-12 08:37:41,2023-08-09,2026-03-11
MediPay,0.00013984073472889704,41,0.00031635314269841516,5.0,10853.0,0.12195121951219512,0.08376749176063784,2024-09-17 16:20:22,2026-01-05 11:05:27,2024-03-22,2026-01-02
Salon Pay,0.00022748018400791894,41,0.00031635314269841516,6.0,10852.0,0.14634146341463414,0.08375977338859687,2024-03-04 00:51:12,2026-01-29 01:07:54,2023-09-12,2025-12-31
Aus Lending,5.114153241782996e-05,40,0.0003086372123886977,4.0,10854.0,0.1,0.08377456352942993,2024-01-18 11:09:42,2026-02-13 03:40:40,2023-07-26,2026-02-09
Bizcap,6.818574234139934e-06,40,0.0003086372123886977,3.0,10855.0,0.075,0.08378228184189809,2024-01-17 08:23:21,2026-02-07 04:22:16,2023-09-11,2026-01-20
EFT Capital,1.0438677576393673e-06,40,0.0003086372123886977,3.0,10855.0,0.075,0.08378228184189809,2024-01-13 21:15:39,2026-02-11 19:39:26,2023-07-21,2026-02-05
A1 Cars Finance,5.114153241782996e-05,39,0.00030092128207898024,4.0,10854.0,0.10256410256410256,0.08377391693616233,2024-02-14 07:05:24,2026-02-27 12:46:38,2023-08-19,2026-02-26
PEOPLESCHOICECU Loans,4.2981919595100484e-06,39,0.00030092128207898024,3.0,10855.0,0.07692307692307693,0.08378163518905861,2024-02-27 13:11:17,2026-02-25 15:35:39,2023-09-21,2026-02-26
Coates,4.8792141273346337e-05,38,0.0002932053517692628,1.0,10857.0,0.02631578947368421,0.08379642493285172,2024-10-22 14:33:17,2026-03-09 07:48:53,2024-05-16,2026-02-13
Australian Motorcycle and Marine Finance,2.4396617045879786e-05,37,0.00028548942145954537,0.0,10858.0,0.0,0.08380349631459114,2025-09-23 05:53:51,2026-03-13 11:59:49,2025-03-28,2026-03-12
BANKWEST Credit Card Cash Advance Transfer,3.289873897449411e-05,37,0.00028548942145954537,0.0,10858.0,0.0,0.08380349631459114,2025-09-22 12:06:03,2026-03-14 00:32:31,2025-04-03,2026-02-19
CampaignAgent,6.819846059696144e-05,37,0.00028548942145954537,4.0,10854.0,0.10810810810810811,0.0837726237795701,2024-01-01 14:30:56,2026-03-07 17:50:14,2023-07-11,2026-02-28
JD Financials,9.97140898065184e-06,36,0.00027777349114982793,3.0,10855.0,0.08333333333333333,0.08377969529043112,2024-02-11 00:55:25,2026-01-23 11:15:04,2023-08-16,2026-01-06
Direct Appliance Rentals,0.0006222522453650495,35,0.0002700575608401105,8.0,10850.0,0.22857142857142856,0.0837404586044286,2024-02-10 09:48:21,2025-11-25 19:56:17,2023-08-21,2025-08-27
IMB Loans,7.616779352767174e-07,35,0.0002700575608401105,2.0,10856.0,0.05714285714285714,0.08378676669213611,2024-02-20 17:39:52,2026-03-01 22:19:26,2023-09-19,2026-02-04
BENDIGO Loans,0.00015545062534149924,34,0.00026234163053039306,4.0,10854.0,0.11764705882352941,0.08377068411953568,2024-02-10 13:04:52,2026-03-08 15:00:16,2023-08-24,2026-02-26
Prospa,2.3545286743127668e-05,34,0.00026234163053039306,3.0,10855.0,0.08823529411764706,0.08377840207458631,2024-01-17 08:23:21,2026-03-14 15:03:09,2023-07-26,2026-03-11
RAC Finance,2.9563571319469996e-05,34,0.00026234163053039306,3.0,10855.0,0.08823529411764706,0.08377840207458631,2024-01-04 18:35:03,2026-03-03 15:28:32,2023-07-20,2026-02-25
Cars On Terms,0.00017217605987698717,33,0.00025462570022067563,4.0,10854.0,0.12121212121212122,0.08377003758615101,2024-01-24 13:43:37,2026-03-11 10:26:53,2023-08-01,2026-03-09
ClearLoans,3.958712340129792e-06,33,0.00025462570022067563,2.0,10856.0,0.06060606060606061,0.08378547337711953,2024-01-04 12:32:52,2025-05-03 01:00:28,2023-07-31,2025-01-21
Shop Xtream,0.00012553393845301925,32,0.00024690976991095814,4.0,10854.0,0.125,0.083769391062746,2024-01-13 05:29:47,2026-02-22 19:05:01,2023-07-14,2026-02-20
Captain Cash,4.988255377448745e-06,30,0.00023147790929152327,1.0,10857.0,0.03333333333333333,0.0837912511962461,2025-08-08 16:59:42,2026-03-12 17:26:09,2025-02-24,2026-01-27
La Trobe Financial,4.106946774640924e-05,30,0.00023147790929152327,1.0,10857.0,0.03333333333333333,0.0837912511962461,2024-01-11 11:41:54,2026-02-26 19:28:17,2023-07-26,2026-02-13
Mooch Money,,30,0.00023147790929152327,,,,,2026-01-30 08:28:46,2026-03-12 08:06:06,2025-08-12,2026-03-04
Openpay,3.639853864865377e-05,29,0.00022376197898180583,3.0,10855.0,0.10344827586206896,0.08377516920963472,2024-01-10 10:44:44,2025-02-27 14:55:45,2023-07-14,2024-11-18
Wonder Loans,0.00017217605987698717,29,0.00022376197898180583,4.0,10854.0,0.13793103448275862,0.08376745155240675,2024-03-13 23:24:43,2026-03-12 08:06:06,2023-10-04,2026-03-02
Cash Guys,4.236785738780362e-05,27,0.00020833011836237096,0.0,10858.0,0.0,0.08379702874782945,2025-03-12 18:47:36,2026-02-15 18:18:06,2024-12-22,2026-02-06
Wageflo,7.4405340961552495e-06,27,0.00020833011836237096,1.0,10857.0,0.037037037037037035,0.0837893112097241,2024-01-22 21:43:35,2026-02-26 12:13:57,2023-07-31,2026-02-25
Right Road Finance,1.1410059047291205e-05,26,0.0002006141880526535,2.0,10856.0,0.07692307692307693,0.08378094708896709,2024-02-05 20:28:51,2025-12-09 11:55:18,2023-08-15,2025-11-28
Capital Finance,2.217261592784785e-05,25,0.00019289825774293607,2.0,10856.0,0.08,0.08378030051629533,2024-02-23 09:25:40,2026-03-04 11:19:45,2023-09-04,2026-02-09
Good Shepherd Microfinance,3.7302806648246005e-05,25,0.00019289825774293607,2.0,10856.0,0.08,0.08378030051629533,2025-02-19 21:23:28,2026-03-12 10:31:00,2024-10-10,2026-03-11
Quick and Easy Finance,1.9593977174819036e-06,25,0.00019289825774293607,1.0,10857.0,0.04,0.08378801793528172,2024-01-19 05:45:15,2026-01-29 13:11:54,2023-08-30,2026-01-12
Suncoast Loans,0.0004690741615466864,25,0.00019289825774293607,5.0,10853.0,0.2,0.08375714825933615,2024-02-26 15:58:27,2026-03-02 13:01:21,2023-09-14,2026-02-19
Liebherr Cranes,8.852395395392321e-05,23,0.00017746639712350117,0.0,10858.0,0.0,0.08379444200063282,2024-01-10 16:12:15,2026-01-23 10:57:55,2024-01-10,2026-01-13
Cash First,4.2889736215275845e-06,22,0.00016975046681378373,1.0,10857.0,0.045454545454545456,0.08378607809847198,2024-01-11 08:44:05,2025-12-03 10:23:41,2023-11-08,2025-11-21
Metro Money,0.00011193740218253754,22,0.00016975046681378373,3.0,10855.0,0.13636363636363635,0.08377064361784226,2024-01-03 20:58:22,2025-10-18 13:21:42,2023-07-13,2025-06-20
QRIDA Loans,4.2889736215275845e-06,22,0.00016975046681378373,1.0,10857.0,0.045454545454545456,0.08378607809847198,2024-01-03 14:26:11,2025-02-07 17:18:05,2023-10-04,2024-11-01
ATM Loans,0.0012542948796888276,21,0.0001620345365040663,8.0,10850.0,0.38095238095238093,0.08373141124084549,2024-03-14 10:08:10,2025-11-15 09:37:43,2023-12-06,2025-11-13
Shopify Capital,6.990908304343061e-05,21,0.0001620345365040663,2.0,10856.0,0.09523809523809523,0.08377771432540264,2024-01-14 17:48:31,2026-02-04 12:21:06,2023-09-18,2026-01-14
Westpac PartPay,1.0671251493281673e-05,21,0.0001620345365040663,0.0,10858.0,0.0,0.0837931486869217,2025-07-30 09:07:25,2026-03-06 13:59:47,2025-02-28,2026-02-25
Esanda,3.7302806648246005e-05,20,0.00015431860619434886,2.0,10856.0,0.1,0.0837770678026269,2024-01-21 08:41:31,2025-05-23 06:48:30,2023-07-27,2024-12-17
Center One,0.00020718498527435815,19,0.0001466026758846314,3.0,10855.0,0.15789473684210525,0.08376870422817807,2024-03-13 09:35:07,2026-02-26 16:44:22,2023-10-16,2026-02-26
Dollar Dealers,2.2049273212964044e-05,19,0.0001466026758846314,1.0,10857.0,0.05263157894736842,0.0837841383514813,2024-02-02 07:26:35,2026-03-04 11:33:34,2023-09-07,2026-01-11
Douugh Loan,2.1521160791946216e-06,19,0.0001466026758846314,1.0,10857.0,0.05263157894736842,0.0837841383514813,2025-07-18 08:46:09,2026-01-24 23:30:51,2025-02-10,2025-09-08
Mega Cash Loans,,19,0.0001466026758846314,,,,,2026-01-16 09:33:14,2026-03-08 09:09:19,2025-07-22,2026-02-11
Miscellaneous Equipment Finance,1.558000339446542e-05,19,0.0001466026758846314,0.0,10858.0,0.0,0.0837918554131329,2025-09-22 16:18:35,2026-03-07 03:15:33,2025-04-03,2026-02-23
Easy Financing,0.00020718498527435815,18,0.00013888674557491397,3.0,10855.0,0.16666666666666666,0.08376805778491171,2024-03-08 06:18:30,2025-12-14 07:53:20,2023-11-17,2025-12-15
HomeStart Finance,4.988255377448745e-06,18,0.00013888674557491397,1.0,10857.0,0.05555555555555555,0.08378349178910977,2024-05-17 15:24:13,2026-02-05 13:35:33,2023-11-30,2026-01-30
ING Loan Redraw Credit,5.2727032713303324e-05,18,0.00013888674557491397,0.0,10858.0,0.0,0.08379120879120878,2024-01-24 18:01:55,2026-01-15 01:11:58,2023-08-02,2026-01-14
Nifty,5.252350820661132e-07,18,0.00013888674557491397,1.0,10857.0,0.05555555555555555,0.08378349178910977,2024-02-02 02:07:57,2025-08-06 15:24:52,2023-08-09,2025-06-27
Origin MMS,2.4396617045879786e-05,18,0.00013888674557491397,0.0,10858.0,0.0,0.08379120879120878,2024-01-12 11:49:27,2026-03-14 15:03:09,2023-10-03,2025-10-17
Community First Credit Union L,2.1521160791946216e-06,17,0.00013117081526519653,1.0,10857.0,0.058823529411764705,0.08378284523671721,2024-04-09 12:09:38,2025-08-25 17:54:12,2023-10-27,2025-08-11
AHA Money,9.98666487138781e-05,16,0.00012345488495547907,2.0,10856.0,0.125,0.08377448181130678,2024-06-22 11:37:06,2026-03-07 20:32:15,2024-01-04,2026-03-03
Capify,0.00011789072828540564,16,0.00012345488495547907,2.0,10856.0,0.125,0.08377448181130678,2024-01-05 13:27:07,2026-01-17 10:07:32,2023-07-10,2026-01-16
Coogans Finance,0.00011789072828540564,16,0.00012345488495547907,2.0,10856.0,0.125,0.08377448181130678,2024-01-23 14:39:49,2026-03-12 15:39:03,2023-09-14,2026-02-26
Suncorp PayLater,0.00021783441219849057,16,0.00012345488495547907,2.0,10856.0,0.125,0.08377448181130678,2025-08-11 09:18:40,2026-01-31 22:02:27,2025-02-11,2025-10-16
Great Southern Bank Loan Repayment,7.394224742993844e-06,15,0.00011573895464576163,0.0,10858.0,0.0,0.08378926898531489,2025-10-31 10:50:09,2026-02-11 17:06:03,2025-05-07,2026-02-06
MEBANK Loans,1.0671251493281673e-05,15,0.00011573895464576163,0.0,10858.0,0.0,0.08378926898531489,2024-05-13 14:16:36,2026-02-25 17:57:32,2023-11-17,2026-02-02
MRG Custodians,2.4396617045879786e-05,15,0.00011573895464576163,0.0,10858.0,0.0,0.08378926898531489,2024-03-11 09:09:28,2025-12-21 21:32:54,2023-10-19,2025-10-24
Scottish Pacific,9.98666487138781e-05,15,0.00011573895464576163,2.0,10856.0,0.13333333333333333,0.0837738353384213,2024-01-12 10:55:31,2025-12-06 02:00:55,2023-09-12,2025-12-01
Allied Credit,7.260805749036122e-05,14,0.0001080230243360442,0.0,10858.0,0.0,0.08378862240330895,2025-11-26 19:11:26,2026-03-12 20:34:16,2025-06-04,2026-02-23
HSBC Loans,1.0671251493281673e-05,14,0.0001080230243360442,0.0,10858.0,0.0,0.08378862240330895,2024-02-05 09:45:24,2026-02-27 06:23:32,2023-09-05,2026-02-24
Jade Finance,3.115551842182088e-05,14,0.0001080230243360442,1.0,10857.0,0.07142857142857142,0.08378090563941105,2024-05-27 08:55:50,2026-03-03 11:05:20,2024-02-04,2025-12-20
Local Appliance Rentals,2.4396617045879786e-05,14,0.0001080230243360442,0.0,10858.0,0.0,0.08378862240330895,2024-01-13 06:31:14,2025-06-09 07:28:58,2023-07-21,2024-12-19
Stress Less,0.00011789072828540564,14,0.0001080230243360442,2.0,10856.0,0.14285714285714285,0.08377318887551316,2024-02-13 12:15:18,2025-11-06 11:46:43,2023-09-13,2025-10-02
UBuy,1.695174493470014e-05,14,0.0001080230243360442,0.0,10858.0,0.0,0.08378862240330895,2024-07-18 23:47:04,2026-02-09 13:15:33,2024-04-06,2025-10-30
Advance Cash Loans,5.596448688547255e-05,13,0.00010030709402632675,1.0,10857.0,0.07692307692307693,0.08378025912693207,2024-01-24 23:03:37,2026-02-19 21:51:49,2023-08-03,2026-02-12
GREATER Loan Redraw,3.115551842182088e-05,13,0.00010030709402632675,1.0,10857.0,0.07692307692307693,0.08378025912693207,2024-02-01 09:15:24,2025-12-08 22:45:55,2023-08-15,2025-11-25
HERITAGE Loans,3.115551842182088e-05,13,0.00010030709402632675,1.0,10857.0,0.07692307692307693,0.08378025912693207,2024-04-21 07:45:21,2026-01-19 09:31:59,2023-11-02,2025-10-22
Hire Purchase,2.2049273212964044e-05,13,0.00010030709402632675,1.0,10857.0,0.07692307692307693,0.08378025912693207,2024-01-03 14:58:34,2025-11-27 08:33:05,2023-07-13,2025-11-11
Flexi Plus Finance,0.0003622965792023088,12,9.259116371660932e-05,3.0,10855.0,0.25,0.08376417933482522,2024-06-06 14:04:36,2025-12-02 11:14:44,2023-12-12,2025-07-14
Freedom Leisure Finance,1.0671251493281673e-05,12,9.259116371660932e-05,0.0,10858.0,0.0,0.08378732926923374,2024-01-01 05:23:32,2025-05-08 12:31:59,2023-08-22,2025-05-01
Golden Loans,0.0003622965792023088,12,9.259116371660932e-05,3.0,10855.0,0.25,0.08376417933482522,2024-02-03 10:44:40,2025-11-21 09:47:03,2023-08-11,2025-11-20
IFinance,2.583706748306678e-07,12,9.259116371660932e-05,0.0,10858.0,0.0,0.08378732926923374,2024-03-19 12:48:45,2026-03-11 06:44:49,2023-10-11,2026-03-05
Lexus Finance,5.684036993984631e-06,12,9.259116371660932e-05,0.0,10858.0,0.0,0.08378732926923374,2024-01-19 09:30:56,2026-02-10 09:52:14,2023-09-01,2026-01-21
MYSTATE Loans,5.684036993984631e-06,12,9.259116371660932e-05,0.0,10858.0,0.0,0.08378732926923374,2024-01-02 14:45:32,2026-02-13 11:58:50,2023-07-17,2026-01-30
Pronto Finance,3.115551842182088e-05,12,9.259116371660932e-05,1.0,10857.0,0.08333333333333333,0.0837796126244309,2024-02-17 13:21:34,2024-12-23 20:14:51,2023-09-27,2024-08-08
RentOne,0.0003622965792023088,12,9.259116371660932e-05,3.0,10855.0,0.25,0.08376417933482522,2024-01-18 13:38:01,2025-07-25 16:30:33,2023-08-25,2025-06-04
Aussie Home Loans,5.684036993984631e-06,11,8.487523340689187e-05,0.0,10858.0,0.0,0.083786682717164,2024-04-28 06:07:13,2025-11-18 15:40:51,2023-11-16,2025-11-17
Bond Assist,5.684036993984631e-06,11,8.487523340689187e-05,0.0,10858.0,0.0,0.083786682717164,2024-01-11 18:45:05,2024-10-24 19:39:38,2023-07-20,2024-10-15
Cash Australia,5.596448688547255e-05,11,8.487523340689187e-05,1.0,10857.0,0.09090909090909091,0.08377896613190731,2024-07-04 14:50:19,2026-01-02 10:08:09,2024-02-15,2025-10-02
Go Car Finance,2.659884931485332e-07,11,8.487523340689187e-05,0.0,10858.0,0.0,0.083786682717164,2024-05-16 06:51:11,2026-02-17 09:05:25,2023-11-18,2025-10-13
HERITAGE Loan Redraw,2.1476686114452195e-06,11,8.487523340689187e-05,0.0,10858.0,0.0,0.083786682717164,2024-04-21 07:45:21,2026-01-12 16:46:57,2023-10-25,2026-01-03
Shift Financial,4.2354351088448835e-05,11,8.487523340689187e-05,1.0,10857.0,0.09090909090909091,0.08377896613190731,2024-03-06 13:59:29,2025-12-04 13:42:15,2023-09-08,2025-11-21
Spot Loans,5.596448688547255e-05,11,8.487523340689187e-05,1.0,10857.0,0.09090909090909091,0.08377896613190731,2025-01-17 02:23:45,2026-02-15 11:57:11,2024-12-30,2026-02-11
flexicommercial,5.596448688547255e-05,11,8.487523340689187e-05,1.0,10857.0,0.09090909090909091,0.08377896613190731,2024-06-07 11:35:24,2026-03-03 15:56:47,2023-12-28,2026-01-23
ABC Advantage,2.583706748306678e-07,10,7.715930309717443e-05,0.0,10858.0,0.0,0.08378603617507253,2024-03-09 01:15:23,2025-12-23 11:17:51,2023-09-14,2025-12-18
AMP Loans,2.583706748306678e-07,10,7.715930309717443e-05,0.0,10858.0,0.0,0.08378603617507253,2024-05-27 21:43:33,2025-12-18 21:30:14,2023-11-30,2025-12-18
Art Money,2.1476686114452195e-06,10,7.715930309717443e-05,0.0,10858.0,0.0,0.08378603617507253,2024-02-16 10:36:52,2025-10-24 13:59:56,2023-09-15,2025-07-04
Etika Australia,0.00025241433822302653,10,7.715930309717443e-05,2.0,10856.0,0.2,0.0837706031236496,2024-01-25 14:15:28,2025-12-15 05:55:56,2023-07-27,2025-09-25
OnDeck,2.659884931485332e-07,10,7.715930309717443e-05,0.0,10858.0,0.0,0.08378603617507253,2024-03-21 21:05:36,2026-01-15 10:00:59,2023-11-04,2026-01-06
Seed Cash,5.596448688547255e-05,10,7.715930309717443e-05,1.0,10857.0,0.1,0.08377831964936107,2024-02-23 15:26:28,2025-07-11 02:04:34,2023-10-02,2025-07-11
Loan Zone WA,0.00025241433822302653,9,6.944337278745698e-05,2.0,10856.0,0.2222222222222222,0.0837699567106248,2024-03-01 09:33:08,2025-07-05 00:59:29,2023-09-08,2025-04-29
RACQ Finance,2.583706748306678e-07,9,6.944337278745698e-05,0.0,10858.0,0.0,0.0837853896429591,2024-01-24 18:01:55,2025-01-24 11:10:14,2023-08-02,2025-01-23
Silver Chef,2.659884931485332e-07,9,6.944337278745698e-05,0.0,10858.0,0.0,0.0837853896429591,2024-04-24 08:49:23,2026-03-12 15:39:03,2024-03-15,2026-03-11
Athena Home Loan,0.0001161134597216949,8,6.172744247773953e-05,1.0,10857.0,0.125,0.08377702671419973,2024-01-20 14:00:36,2026-01-27 08:01:55,2023-08-04,2025-08-24
EveryPay,2.4973111092079883e-06,8,6.172744247773953e-05,0.0,10858.0,0.0,0.0837847431208235,2024-05-09 05:54:07,2026-01-19 18:57:04,2023-12-30,2025-08-26
Ferratum,2.4973111092079883e-06,8,6.172744247773953e-05,0.0,10858.0,0.0,0.0837847431208235,2024-01-19 00:43:19,2026-02-28 15:17:18,2023-07-23,2026-02-27
Lumi Finance,2.659884931485332e-07,8,6.172744247773953e-05,0.0,10858.0,0.0,0.0837847431208235,2024-03-06 13:59:29,2025-11-05 14:02:24,2023-09-08,2025-10-31
MA Money,1.558000339446542e-05,8,6.172744247773953e-05,0.0,10858.0,0.0,0.0837847431208235,2025-09-13 14:15:22,2026-03-04 15:40:02,2025-03-14,2026-02-26
MSF Auburn,1.558000339446542e-05,8,6.172744247773953e-05,0.0,10858.0,0.0,0.0837847431208235,2025-02-09 09:53:43,2026-02-26 09:37:34,2024-11-20,2026-02-18
Mortgage House Capital,2.659884931485332e-07,8,6.172744247773953e-05,0.0,10858.0,0.0,0.0837847431208235,2024-02-27 14:20:23,2025-11-04 16:03:13,2023-09-04,2025-10-24
NEWCASTLE Loans,2.4973111092079883e-06,8,6.172744247773953e-05,0.0,10858.0,0.0,0.0837847431208235,2024-09-09 12:41:07,2025-12-29 14:17:01,2024-07-15,2025-12-24
QuickCash Finance,2.4973111092079883e-06,8,6.172744247773953e-05,0.0,10858.0,0.0,0.0837847431208235,2024-07-06 18:48:44,2026-01-03 20:17:42,2024-03-06,2025-12-24
Rapid Finance,0.000181133266338663,8,6.172744247773953e-05,1.0,10857.0,0.125,0.08377702671419973,2025-01-05 22:36:26,2026-01-02 11:24:48,2024-07-26,2025-12-04
SUNCORP Credit Card Cash Advan,0.0009274807996484087,8,6.172744247773953e-05,4.0,10854.0,0.5,0.08375387749432844,2024-03-05 16:50:13,2025-08-28 09:16:29,2023-09-19,2025-08-22
Zip Business,2.659884931485332e-07,8,6.172744247773953e-05,0.0,10858.0,0.0,0.0837847431208235,2024-01-16 08:29:10,2024-09-25 21:59:41,2023-07-21,2024-09-13
Avanti Finance,2.798373593740618e-05,7,5.40115121680221e-05,0.0,10858.0,0.0,0.08378409660866545,2024-06-28 09:27:44,2026-03-04 09:13:37,2024-01-25,2025-12-03
Columbus Capital,4.609922256059179e-05,7,5.40115121680221e-05,0.0,10858.0,0.0,0.08378409660866545,2025-02-22 18:26:23,2026-02-24 08:00:52,2024-08-28,2026-02-20
DLL Group,7.394224742993844e-06,7,5.40115121680221e-05,0.0,10858.0,0.0,0.08378409660866545,2024-06-07 11:35:24,2025-12-28 18:01:49,2023-12-22,2025-12-04
Dynamoney,1.558000339446542e-05,7,5.40115121680221e-05,0.0,10858.0,0.0,0.08378409660866545,2024-08-20 06:38:31,2026-02-23 20:14:07,2024-05-31,2026-02-06
First Cashflow Solutions,0.0006487492882451943,7,5.40115121680221e-05,3.0,10855.0,0.42857142857142855,0.08376094756742158,2024-01-11 19:47:58,2025-04-08 05:30:15,2023-07-19,2025-04-04
Fundspot,0.00033979291139411193,7,5.40115121680221e-05,2.0,10856.0,0.2857142857142857,0.08376866391450287,2024-07-07 08:02:42,2025-11-06 11:07:22,2024-01-17,2025-08-15
Great Southern Bank Loan Redra,2.4973111092079883e-06,7,5.40115121680221e-05,0.0,10858.0,0.0,0.08378409660866545,2024-02-10 10:22:02,2025-08-08 16:07:48,2023-02-13,2025-04-24
Motion Money,0.00033979291139411193,7,5.40115121680221e-05,2.0,10856.0,0.2857142857142857,0.08376866391450287,2024-03-20 05:22:12,2025-02-19 20:11:09,2023-09-26,2024-10-30
Smartcash,2.4973111092079883e-06,7,5.40115121680221e-05,0.0,10858.0,0.0,0.08378409660866545,2024-06-08 15:26:08,2025-09-16 11:37:25,2024-05-27,2025-08-09
SwiftCash,2.4973111092079883e-06,7,5.40115121680221e-05,0.0,10858.0,0.0,0.08378409660866545,2024-02-23 14:34:23,2025-07-12 12:41:42,2023-09-25,2025-02-19
United Consumer Financial Serv,2.4973111092079883e-06,7,5.40115121680221e-05,0.0,10858.0,0.0,0.08378409660866545,2024-01-10 15:15:31,2025-05-04 14:30:09,2023-07-27,2025-02-19
ZeeFi,2.4973111092079883e-06,7,5.40115121680221e-05,0.0,10858.0,0.0,0.08378409660866545,2024-06-11 14:53:49,2025-11-11 23:40:40,2024-01-05,2025-08-18
Action Cash Loans,1.558000339446542e-05,6,4.629558185830466e-05,0.0,10858.0,0.0,0.08378345010648477,2024-08-29 11:02:02,2025-12-29 13:18:31,2024-03-15,2025-11-17
Albany Finance,0.00014521726494655504,6,4.629558185830466e-05,1.0,10857.0,0.16666666666666666,0.08377573381894503,2024-07-05 12:54:47,2025-08-09 02:14:21,2024-01-22,2025-06-30
Cash and Go Lenders,0.000181133266338663,6,4.629558185830466e-05,1.0,10857.0,0.16666666666666666,0.08377573381894503,2024-07-04 20:40:18,2026-02-07 09:26:37,2024-01-08,2026-01-01
Coastline Finance,7.394224742993844e-06,6,4.629558185830466e-05,0.0,10858.0,0.0,0.08378345010648477,2024-02-20 01:14:02,2025-08-18 14:32:20,2023-09-01,2025-08-15
FlexiBuy,2.798373593740618e-05,6,4.629558185830466e-05,0.0,10858.0,0.0,0.08378345010648477,2025-08-07 05:21:20,2026-01-08 08:14:49,2025-02-13,2026-01-06
MacRae Rentals,1.558000339446542e-05,6,4.629558185830466e-05,0.0,10858.0,0.0,0.08378345010648477,2024-05-11 16:45:09,2026-01-23 11:08:50,2024-02-21,2026-01-21
MiFinance,1.558000339446542e-05,6,4.629558185830466e-05,0.0,10858.0,0.0,0.08378345010648477,2024-09-16 07:58:18,2026-02-14 12:50:24,2024-08-16,2026-02-13
Money Now,7.394224742993844e-06,6,4.629558185830466e-05,0.0,10858.0,0.0,0.08378345010648477,2024-01-12 13:34:24,2025-03-24 12:24:12,2023-08-21,2024-12-29
NEWCASTLE Credit Card Cash Adv,7.394224742993844e-06,6,4.629558185830466e-05,0.0,10858.0,0.0,0.08378345010648477,2024-01-14 06:58:26,2024-11-28 07:56:27,2023-09-08,2024-11-28
NZCU Loans,7.394224742993844e-06,6,4.629558185830466e-05,0.0,10858.0,0.0,0.08378345010648477,2024-03-20 06:34:40,2024-12-20 14:23:37,2023-10-20,2024-10-04
Nga Tangata Microfinance,7.394224742993844e-06,6,4.629558185830466e-05,0.0,10858.0,0.0,0.08378345010648477,2024-01-31 05:11:21,2024-06-08 22:12:39,2023-11-27,2024-01-05
SUNCORP Loan Redraw,7.394224742993844e-06,6,4.629558185830466e-05,0.0,10858.0,0.0,0.08378345010648477,2024-01-29 20:59:51,2025-09-07 11:36:05,2023-07-30,2025-04-16
Skyecap,0.000181133266338663,6,4.629558185830466e-05,1.0,10857.0,0.16666666666666666,0.08377573381894503,2024-09-08 18:01:40,2026-03-12 23:25:43,2024-06-20,2026-03-12
Westpac Vehicle and equipment,0.00014521726494655504,6,4.629558185830466e-05,1.0,10857.0,0.16666666666666666,0.08377573381894503,2024-06-19 21:18:09,2025-05-06 18:37:07,2024-01-15,2025-04-17
Astute Motor Finance,0.000181133266338663,5,3.8579651548587216e-05,1.0,10857.0,0.2,0.08377508738628209,2024-01-11 12:43:42,2025-12-02 00:32:21,2023-08-04,2025-07-25
Business Fuel,4.609922256059179e-05,5,3.8579651548587216e-05,0.0,10858.0,0.0,0.0837828036142812,2025-03-31 17:05:03,2026-02-24 05:33:26,2024-10-03,2026-02-20
Community First Credit Union Loans,7.260805749036122e-05,5,3.8579651548587216e-05,0.0,10858.0,0.0,0.0837828036142812,2025-10-15 14:17:33,2026-02-08 13:00:32,2025-05-27,2026-01-22
First Stop Money,1.558000339446542e-05,5,3.8579651548587216e-05,0.0,10858.0,0.0,0.0837828036142812,2024-04-22 11:53:51,2025-09-10 11:34:56,2023-12-21,2025-06-23
LatitudePay,0.000181133266338663,5,3.8579651548587216e-05,1.0,10857.0,0.2,0.08377508738628209,2024-01-12 13:02:10,2024-02-12 19:56:39,2023-07-28,2023-09-15
MEBANK Credit Card Cash Advanc,1.558000339446542e-05,5,3.8579651548587216e-05,0.0,10858.0,0.0,0.0837828036142812,2024-10-10 16:55:40,2025-05-29 12:28:29,2024-06-11,2025-05-13
Madura Ltd,2.798373593740618e-05,5,3.8579651548587216e-05,0.0,10858.0,0.0,0.0837828036142812,2024-04-27 15:02:04,2026-03-01 09:59:51,2023-11-17,2026-02-20
Parallel Finance,1.558000339446542e-05,5,3.8579651548587216e-05,0.0,10858.0,0.0,0.0837828036142812,2024-06-13 10:28:35,2025-03-14 11:19:05,2023-12-21,2024-09-26
SUNCORP Credit Card Cash Advance Transfer,7.260805749036122e-05,5,3.8579651548587216e-05,0.0,10858.0,0.0,0.0837828036142812,2025-10-16 08:44:45,2026-02-19 07:41:02,2025-04-18,2025-11-20
Splitit,2.798373593740618e-05,5,3.8579651548587216e-05,0.0,10858.0,0.0,0.0837828036142812,2025-02-06 18:14:40,2026-01-01 10:25:34,2024-09-18,2025-08-29
Thorn Rentals NZ,1.558000339446542e-05,5,3.8579651548587216e-05,0.0,10858.0,0.0,0.0837828036142812,2024-02-08 23:04:30,2025-10-30 12:32:23,2023-09-01,2025-07-15
BOQ Finance,2.798373593740618e-05,4,3.086372123886977e-05,0.0,10858.0,0.0,0.0837821571320545,2024-02-17 10:12:27,2025-08-20 09:31:35,2023-08-28,2025-07-04
BiiGGA,2.798373593740618e-05,4,3.086372123886977e-05,0.0,10858.0,0.0,0.0837821571320545,2025-02-26 09:11:55,2025-11-28 08:23:10,2024-10-09,2025-11-27
Capital Cash,0.00022652029931596464,4,3.086372123886977e-05,1.0,10857.0,0.25,0.08377444096359511,2024-06-21 10:51:37,2025-11-04 08:12:14,2024-04-13,2025-09-03
Champion Money,4.609922256059179e-05,4,3.086372123886977e-05,0.0,10858.0,0.0,0.0837821571320545,2024-05-14 14:22:31,2026-01-04 05:14:12,2024-01-12,2025-11-27
Geneva Finance,4.609922256059179e-05,4,3.086372123886977e-05,0.0,10858.0,0.0,0.0837821571320545,2025-01-26 14:51:35,2026-02-23 20:06:19,2024-08-05,2025-12-24
Great Southern Bank Loan Redraw,7.260805749036122e-05,4,3.086372123886977e-05,0.0,10858.0,0.0,0.0837821571320545,2025-11-11 15:02:25,2026-01-21 20:38:55,2025-05-15,2025-10-08
Instant Finance,7.260805749036122e-05,4,3.086372123886977e-05,0.0,10858.0,0.0,0.0837821571320545,2025-06-19 09:56:48,2026-01-19 09:30:42,2024-12-26,2025-10-08
Leveraged Equities,2.798373593740618e-05,4,3.086372123886977e-05,0.0,10858.0,0.0,0.0837821571320545,2024-04-16 15:40:54,2024-11-19 13:06:37,2023-10-26,2024-10-21
MEBANK Credit Card Cash Advance Transfer,7.260805749036122e-05,4,3.086372123886977e-05,0.0,10858.0,0.0,0.0837821571320545,2025-09-29 16:13:40,2026-01-09 15:00:16,2025-04-07,2025-11-12
MoneyCentre,0.00022652029931596464,4,3.086372123886977e-05,1.0,10857.0,0.25,0.08377444096359511,2024-03-01 19:23:51,2024-04-18 10:09:16,2023-11-01,2024-04-02
Unity Bank Loans,2.798373593740618e-05,4,3.086372123886977e-05,0.0,10858.0,0.0,0.0837821571320545,2024-06-24 17:05:05,2025-04-24 12:42:11,2024-01-05,2025-02-28
Unsecured Finance,0.0002862440014437177,4,3.086372123886977e-05,1.0,10857.0,0.25,0.08377444096359511,2024-09-19 23:57:13,2025-12-18 15:51:22,2024-07-04,2025-06-26
BANKSA Loans,7.260805749036122e-05,3,2.314779092915233e-05,0.0,10858.0,0.0,0.08378151065980448,2024-11-06 19:06:48,2026-01-28 06:49:58,2024-09-11,2025-08-25
BEYONDBANK Credit Card Cash Ad,4.609922256059179e-05,3,2.314779092915233e-05,0.0,10858.0,0.0,0.08378151065980448,2024-06-06 20:27:01,2025-05-23 15:50:09,2024-04-05,2025-02-25
BOM Loans,7.260805749036122e-05,3,2.314779092915233e-05,0.0,10858.0,0.0,0.08378151065980448,2024-10-24 10:41:58,2026-01-01 16:33:50,2024-05-09,2025-12-29
BOQ Loan Repayment,4.609922256059179e-05,3,2.314779092915233e-05,0.0,10858.0,0.0,0.08378151065980448,2024-02-27 20:16:13,2024-07-01 10:18:25,2023-09-20,2024-06-26
BOQ Specialist Loan,4.609922256059179e-05,3,2.314779092915233e-05,0.0,10858.0,0.0,0.08378151065980448,2024-06-21 11:52:58,2024-12-20 11:58:00,2024-01-19,2024-12-02
Better Rentals,0.0002862440014437177,3,2.314779092915233e-05,1.0,10857.0,0.3333333333333333,0.08377379455088388,2024-08-09 16:23:30,2024-10-03 09:43:42,2024-02-12,2024-08-10
Bizfund,0.0002862440014437177,3,2.314779092915233e-05,1.0,10857.0,0.3333333333333333,0.08377379455088388,2025-02-05 12:47:47,2025-07-21 07:04:53,2025-01-21,2025-03-27
Diamond Loans,7.260805749036122e-05,3,2.314779092915233e-05,0.0,10858.0,0.0,0.08378151065980448,2025-07-19 19:45:51,2025-12-10 22:10:22,2025-01-30,2025-11-26
Direct Personal Loan,7.260805749036122e-05,3,2.314779092915233e-05,0.0,10858.0,0.0,0.08378151065980448,2024-01-17 09:01:20,2025-12-17 17:56:41,2023-07-26,2025-12-10
Finstro,4.609922256059179e-05,3,2.314779092915233e-05,0.0,10858.0,0.0,0.08378151065980448,2024-12-15 14:14:01,2025-08-08 10:08:28,2024-06-20,2025-08-06
Flexirent,4.609922256059179e-05,3,2.314779092915233e-05,0.0,10858.0,0.0,0.08378151065980448,2024-03-23 07:57:04,2025-04-21 05:40:04,2023-09-29,2025-03-26
GREATER Loans,4.609922256059179e-05,3,2.314779092915233e-05,0.0,10858.0,0.0,0.08378151065980448,2024-01-06 20:07:50,2025-01-03 01:05:58,2023-07-13,2024-11-21
Kubota,0.0001132582589027736,3,2.314779092915233e-05,0.0,10858.0,0.0,0.08378151065980448,2025-06-14 03:44:57,2026-03-13 03:39:44,2025-01-31,2026-03-05
MEBANK Loan Redraw,4.609922256059179e-05,3,2.314779092915233e-05,0.0,10858.0,0.0,0.08378151065980448,2024-05-15 09:19:20,2025-04-14 13:36:50,2023-12-04,2025-04-13
Medi-Rent,7.260805749036122e-05,3,2.314779092915233e-05,0.0,10858.0,0.0,0.08378151065980448,2025-07-08 18:20:11,2026-02-09 10:03:38,2025-03-19,2026-01-21
Moula Money Pty Ltd,7.260805749036122e-05,3,2.314779092915233e-05,0.0,10858.0,0.0,0.08378151065980448,2024-12-28 01:32:41,2026-03-03 15:56:47,2024-08-28,2025-09-07
Mutual Mortgage,4.609922256059179e-05,3,2.314779092915233e-05,0.0,10858.0,0.0,0.08378151065980448,2024-09-29 12:43:15,2025-11-05 14:02:24,2024-06-03,2025-08-18
OK Cash Loans,,3,2.314779092915233e-05,,,,,2026-01-29 10:15:52,2026-02-02 18:58:53,2025-08-07,2026-01-29
Propell,4.609922256059179e-05,3,2.314779092915233e-05,0.0,10858.0,0.0,0.08378151065980448,2024-03-30 09:09:33,2025-03-14 14:35:11,2023-11-21,2024-12-23
Suzuki Finance,4.609922256059179e-05,3,2.314779092915233e-05,0.0,10858.0,0.0,0.08378151065980448,2024-12-18 11:18:25,2025-11-08 08:32:33,2024-07-04,2025-07-31
Well Nigh,4.609922256059179e-05,3,2.314779092915233e-05,0.0,10858.0,0.0,0.08378151065980448,2024-10-02 02:22:02,2025-08-20 09:06:14,2024-07-30,2025-08-18
Zethus Holdings,7.260805749036122e-05,3,2.314779092915233e-05,0.0,10858.0,0.0,0.08378151065980448,2025-02-10 03:48:28,2025-12-26 20:30:37,2024-10-02,2025-11-07
AFG Loans,0.0001132582589027736,2,1.5431860619434884e-05,0.0,10858.0,0.0,0.08378086419753086,2025-10-22 15:14:42,2026-02-13 08:57:38,2025-06-23,2025-08-19
BEYONDBANK Loan Repayment,7.260805749036122e-05,2,1.5431860619434884e-05,0.0,10858.0,0.0,0.08378086419753086,2024-12-16 13:12:20,2025-04-03 22:21:59,2024-11-14,2024-11-14
BOQ Credit Card Cash Advance T,7.260805749036122e-05,2,1.5431860619434884e-05,0.0,10858.0,0.0,0.08378086419753086,2024-09-27 17:41:26,2024-10-05 05:50:12,2024-04-22,2024-08-21
BOQ Equipment Finance,0.0001132582589027736,2,1.5431860619434884e-05,0.0,10858.0,0.0,0.08378086419753086,2024-12-16 14:31:56,2026-01-19 20:49:12,2024-09-12,2025-12-05
CFS Finance,7.260805749036122e-05,2,1.5431860619434884e-05,0.0,10858.0,0.0,0.08378086419753086,2024-08-03 11:02:18,2024-10-22 18:27:11,2024-05-08,2024-05-08
Capricorn Society,0.00037095565220370143,2,1.5431860619434884e-05,1.0,10857.0,0.5,0.08377314814814815,2025-09-01 17:38:07,2025-10-28 12:56:33,2025-04-02,2025-08-27
Cashee Loans,0.00037095565220370143,2,1.5431860619434884e-05,1.0,10857.0,0.5,0.08377314814814815,2024-03-07 12:53:01,2024-04-25 15:19:31,2023-12-06,2023-12-17
Cloudfloat,0.00037095565220370143,2,1.5431860619434884e-05,1.0,10857.0,0.5,0.08377314814814815,2025-02-22 21:40:13,2025-05-26 11:44:31,2024-10-31,2025-05-12
Crown Equipment,7.260805749036122e-05,2,1.5431860619434884e-05,0.0,10858.0,0.0,0.08378086419753086,2024-12-26 19:32:15,2025-04-18 19:35:36,2024-11-16,2024-11-16
Enably,7.260805749036122e-05,2,1.5431860619434884e-05,0.0,10858.0,0.0,0.08378086419753086,2024-03-10 18:33:08,2024-06-15 07:44:58,2023-10-20,2024-06-14
Funds Now,0.00037095565220370143,2,1.5431860619434884e-05,1.0,10857.0,0.5,0.08377314814814815,2025-07-21 07:04:53,2025-12-04 13:42:15,2025-02-25,2025-12-01
Group and General Finance,0.0001132582589027736,2,1.5431860619434884e-05,0.0,10858.0,0.0,0.08378086419753086,2025-07-28 11:44:20,2026-02-17 12:23:10,2025-06-18,2026-02-05
Holden Financial,7.260805749036122e-05,2,1.5431860619434884e-05,0.0,10858.0,0.0,0.08378086419753086,2024-06-05 21:04:21,2024-07-10 08:21:46,2023-12-13,2024-05-29
Loan Barn,7.260805749036122e-05,2,1.5431860619434884e-05,0.0,10858.0,0.0,0.08378086419753086,2024-07-18 12:19:16,2024-11-25 08:20:57,2024-01-24,2024-06-17
Multipli,0.0001132582589027736,2,1.5431860619434884e-05,0.0,10858.0,0.0,0.08378086419753086,2025-10-28 10:24:29,2026-03-04 18:34:20,2025-05-07,2026-02-26
Pacific Finance,0.00037095565220370143,2,1.5431860619434884e-05,1.0,10857.0,0.5,0.08377314814814815,2024-10-29 14:37:55,2025-02-26 09:59:30,2024-07-10,2024-09-24
Procuret,7.260805749036122e-05,2,1.5431860619434884e-05,0.0,10858.0,0.0,0.08378086419753086,2024-01-30 13:05:51,2024-08-08 15:20:48,2023-08-07,2024-08-05
Rent Plus Own,0.00037095565220370143,2,1.5431860619434884e-05,1.0,10857.0,0.5,0.08377314814814815,2024-05-05 15:53:39,2025-06-14 08:30:47,2024-01-11,2025-06-09
TruCap,0.00037095565220370143,2,1.5431860619434884e-05,1.0,10857.0,0.5,0.08377314814814815,2024-08-21 06:52:34,2024-09-11 13:18:59,2024-04-02,2024-09-11
Tyro Loan,0.0001132582589027736,2,1.5431860619434884e-05,0.0,10858.0,0.0,0.08378086419753086,2025-08-25 09:16:28,2026-01-28 04:07:12,2025-06-27,2026-01-19
Westpac Vehicle and equipment finance,0.0001132582589027736,2,1.5431860619434884e-05,0.0,10858.0,0.0,0.08378086419753086,2025-11-07 09:10:49,2025-12-16 12:38:23,2025-07-23,2025-10-13
Yes Finance,,2,1.5431860619434884e-05,,,,,2025-12-05 11:32:29,2026-02-02 10:19:54,2025-08-01,2026-01-09
AA All Appliances Rental,0.0001132582589027736,1,7.715930309717442e-06,0.0,10858.0,0.0,0.08378021774523345,2025-09-13 07:14:33,2025-09-13 07:14:33,2025-03-27,2025-09-11
Aotea Finance,0.000513725775579699,1,7.715930309717442e-06,1.0,10857.0,1.0,0.0837725017553877,2024-12-16 16:21:56,2024-12-16 16:21:56,2024-09-04,2024-09-04
Auzcap,0.0001132582589027736,1,7.715930309717442e-06,0.0,10858.0,0.0,0.08378021774523345,2024-08-29 11:10:48,2024-08-29 11:10:48,2024-08-28,2024-08-28
BC Invest,,1,7.715930309717442e-06,,,,,2026-01-05 18:03:36,2026-01-05 18:03:36,2025-07-28,2025-12-29
BEYONDBANK Credit Card Cash Advance Transfer,,1,7.715930309717442e-06,,,,,2025-12-13 01:15:15,2025-12-13 01:15:15,2025-09-18,2025-09-18
Brighten Home Loans,,1,7.715930309717442e-06,,,,,2026-02-22 20:41:07,2026-02-22 20:41:07,2026-01-23,2026-01-23
Capital and Centric Funding,0.0001132582589027736,1,7.715930309717442e-06,0.0,10858.0,0.0,0.08378021774523345,2025-11-14 08:52:23,2025-11-14 08:52:23,2025-05-26,2025-11-13
Citibank Mortgage,0.0001132582589027736,1,7.715930309717442e-06,0.0,10858.0,0.0,0.08378021774523345,2024-07-03 09:20:43,2024-07-03 09:20:43,2024-02-01,2024-02-01
Clear Cash,0.0001132582589027736,1,7.715930309717442e-06,0.0,10858.0,0.0,0.08378021774523345,2024-05-21 15:27:11,2024-05-21 15:27:11,2023-12-01,2023-12-01
Dell Financial Services,,1,7.715930309717442e-06,,,,,2025-12-06 12:53:52,2025-12-06 12:53:52,2025-08-01,2025-10-20
First Credit Union Loans,0.0001132582589027736,1,7.715930309717442e-06,0.0,10858.0,0.0,0.08378021774523345,2025-11-15 08:30:25,2025-11-15 08:30:25,2025-06-16,2025-10-15
Fleetcare,,1,7.715930309717442e-06,,,,,2026-01-18 21:14:10,2026-01-18 21:14:10,2025-10-30,2025-10-30
FundTap,0.0001132582589027736,1,7.715930309717442e-06,0.0,10858.0,0.0,0.08378021774523345,2025-07-19 08:47:14,2025-07-19 08:47:14,2025-01-22,2025-07-10
HERITAGE Credit Card Cash Adva,0.0001132582589027736,1,7.715930309717442e-06,0.0,10858.0,0.0,0.08378021774523345,2024-07-22 13:31:33,2024-07-22 13:31:33,2024-01-24,2024-03-14
Heartland Bank Loans,0.0001132582589027736,1,7.715930309717442e-06,0.0,10858.0,0.0,0.08378021774523345,2025-05-28 03:35:02,2025-05-28 03:35:02,2025-05-14,2025-05-14
Hippo Cash,0.0001132582589027736,1,7.715930309717442e-06,0.0,10858.0,0.0,0.08378021774523345,2025-06-28 07:13:23,2025-06-28 07:13:23,2025-01-28,2025-06-26
Hirepool,0.0001132582589027736,1,7.715930309717442e-06,0.0,10858.0,0.0,0.08378021774523345,2024-12-18 18:04:09,2024-12-18 18:04:09,2024-07-30,2024-07-30
Motor Trade Finance,0.0001132582589027736,1,7.715930309717442e-06,0.0,10858.0,0.0,0.08378021774523345,2024-12-30 09:53:22,2024-12-30 09:53:22,2024-07-09,2024-12-24
NZHL Loans,0.0001132582589027736,1,7.715930309717442e-06,0.0,10858.0,0.0,0.08378021774523345,2025-07-24 01:42:26,2025-07-24 01:42:26,2025-01-28,2025-07-22
Nectar Loans,0.0001132582589027736,1,7.715930309717442e-06,0.0,10858.0,0.0,0.08378021774523345,2024-09-02 09:41:23,2024-09-02 09:41:23,2024-04-29,2024-05-24
Oxford Finance,0.0001132582589027736,1,7.715930309717442e-06,0.0,10858.0,0.0,0.08378021774523345,2024-07-04 12:07:53,2024-07-04 12:07:53,2024-02-23,2024-02-23
PCU Loans,0.0001132582589027736,1,7.715930309717442e-06,0.0,10858.0,0.0,0.08378021774523345,2025-05-19 23:07:40,2025-05-19 23:07:40,2024-12-03,2025-05-06
PayAssist,0.0001132582589027736,1,7.715930309717442e-06,0.0,10858.0,0.0,0.08378021774523345,2025-11-08 09:10:57,2025-11-08 09:10:57,2025-06-19,2025-06-19
Speedy Finance,0.000513725775579699,1,7.715930309717442e-06,1.0,10857.0,1.0,0.0837725017553877,2024-09-13 06:39:36,2024-09-13 06:39:36,2024-04-30,2024-08-20
Strawberry Loans,0.0001132582589027736,1,7.715930309717442e-06,0.0,10858.0,0.0,0.08378021774523345,2025-07-19 19:45:51,2025-07-19 19:45:51,2025-03-11,2025-03-11
TMBANK Loans,0.0001132582589027736,1,7.715930309717442e-06,0.0,10858.0,0.0,0.08378021774523345,2024-11-05 22:11:14,2024-11-05 22:11:14,2024-06-05,2024-06-05
Trinity Auto Finance,,1,7.715930309717442e-06,,,,,2026-01-01 19:18:23,2026-01-01 19:18:23,2025-09-03,2025-09-03
Trucap,0.0001132582589027736,1,7.715930309717442e-06,0.0,10858.0,0.0,0.08378021774523345,2025-12-04 13:42:15,2025-12-04 13:42:15,2025-09-05,2025-11-28
Truepillars Loan,0.0001132582589027736,1,7.715930309717442e-06,0.0,10858.0,0.0,0.08378021774523345,2025-07-19 08:47:14,2025-07-19 08:47:14,2025-02-07,2025-07-07
Trusty Finance,,1,7.715930309717442e-06,,,,,2026-02-06 10:45:55,2026-02-06 10:45:55,2025-12-29,2026-02-04
Vine Capital,0.000513725775579699,1,7.715930309717442e-06,1.0,10857.0,1.0,0.0837725017553877,2025-04-14 06:17:34,2025-04-14 06:17:34,2025-02-24,2025-03-03
WESTPACNZ Loans,,1,7.715930309717442e-06,,,,,2026-03-06 16:10:30,2026-03-06 16:10:30,2025-10-22,2025-10-22
Yellowgate Group,0.0001132582589027736,1,7.715930309717442e-06,0.0,10858.0,0.0,0.08378021774523345,2025-11-07 01:11:35,2025-11-07 01:11:35,2025-06-09,2025-06-09
iNNiMoney,0.0001132582589027736,1,7.715930309717442e-06,0.0,10858.0,0.0,0.08378021774523345,2025-01-29 06:20:03,2025-01-29 06:20:03,2024-08-15,2024-10-10
